<?xml version="1.0" encoding="UTF-8"?>
<!-- IMPORTANT: This is an internal file that has been generated
     by the Xilinx ISE software.  Any direct editing or
     changes made to this file may result in unpredictable
     behavior or data corruption.  It is strongly advised that
     users do not edit the contents of this file. -->
<DeviceUsageSummary rev="2">
<DesignStatistics TimeStamp="Thu Apr 23 20:24:16 2015"><group name="NetStatistics">
<item name="NumNets_Active" rev="2">
<attrib name="value" value="535"/></item>
<item name="NumNets_Gnd" rev="2">
<attrib name="value" value="1"/></item>
<item name="NumNets_Vcc" rev="2">
<attrib name="value" value="1"/></item>
<item name="NumNodesOfType_Active_BOUNCEACROSS" rev="2">
<attrib name="value" value="17"/></item>
<item name="NumNodesOfType_Active_BOUNCEIN" rev="2">
<attrib name="value" value="97"/></item>
<item name="NumNodesOfType_Active_BUFGOUT" rev="2">
<attrib name="value" value="4"/></item>
<item name="NumNodesOfType_Active_BUFHINP2OUT" rev="2">
<attrib name="value" value="20"/></item>
<item name="NumNodesOfType_Active_BUFIOINP" rev="2">
<attrib name="value" value="2"/></item>
<item name="NumNodesOfType_Active_CLKPIN" rev="2">
<attrib name="value" value="133"/></item>
<item name="NumNodesOfType_Active_CLKPINFEED" rev="2">
<attrib name="value" value="34"/></item>
<item name="NumNodesOfType_Active_CNTRLPIN" rev="2">
<attrib name="value" value="162"/></item>
<item name="NumNodesOfType_Active_DOUBLE" rev="2">
<attrib name="value" value="957"/></item>
<item name="NumNodesOfType_Active_GENERIC" rev="2">
<attrib name="value" value="53"/></item>
<item name="NumNodesOfType_Active_GLOBAL" rev="2">
<attrib name="value" value="98"/></item>
<item name="NumNodesOfType_Active_INPUT" rev="2">
<attrib name="value" value="333"/></item>
<item name="NumNodesOfType_Active_IOBIN2OUT" rev="2">
<attrib name="value" value="36"/></item>
<item name="NumNodesOfType_Active_IOBOUTPUT" rev="2">
<attrib name="value" value="36"/></item>
<item name="NumNodesOfType_Active_LUTINPUT" rev="2">
<attrib name="value" value="850"/></item>
<item name="NumNodesOfType_Active_OUTBOUND" rev="2">
<attrib name="value" value="466"/></item>
<item name="NumNodesOfType_Active_OUTPUT" rev="2">
<attrib name="value" value="491"/></item>
<item name="NumNodesOfType_Active_PADINPUT" rev="2">
<attrib name="value" value="30"/></item>
<item name="NumNodesOfType_Active_PADOUTPUT" rev="2">
<attrib name="value" value="21"/></item>
<item name="NumNodesOfType_Active_PINBOUNCE" rev="2">
<attrib name="value" value="430"/></item>
<item name="NumNodesOfType_Active_PINFEED" rev="2">
<attrib name="value" value="1402"/></item>
<item name="NumNodesOfType_Active_PINFEED2" rev="2">
<attrib name="value" value="1"/></item>
<item name="NumNodesOfType_Active_QUAD" rev="2">
<attrib name="value" value="798"/></item>
<item name="NumNodesOfType_Active_REGINPUT" rev="2">
<attrib name="value" value="208"/></item>
<item name="NumNodesOfType_Active_SINGLE" rev="2">
<attrib name="value" value="965"/></item>
<item name="NumNodesOfType_Gnd_BOUNCEACROSS" rev="2">
<attrib name="value" value="2"/></item>
<item name="NumNodesOfType_Gnd_BOUNCEIN" rev="2">
<attrib name="value" value="100"/></item>
<item name="NumNodesOfType_Gnd_CNTRLPIN" rev="2">
<attrib name="value" value="1"/></item>
<item name="NumNodesOfType_Gnd_HGNDOUT" rev="2">
<attrib name="value" value="43"/></item>
<item name="NumNodesOfType_Gnd_INPUT" rev="2">
<attrib name="value" value="624"/></item>
<item name="NumNodesOfType_Gnd_LUTINPUT" rev="2">
<attrib name="value" value="24"/></item>
<item name="NumNodesOfType_Gnd_OUTBOUND" rev="2">
<attrib name="value" value="4"/></item>
<item name="NumNodesOfType_Gnd_OUTPUT" rev="2">
<attrib name="value" value="5"/></item>
<item name="NumNodesOfType_Gnd_PINBOUNCE" rev="2">
<attrib name="value" value="204"/></item>
<item name="NumNodesOfType_Gnd_PINFEED" rev="2">
<attrib name="value" value="584"/></item>
<item name="NumNodesOfType_Gnd_REGINPUT" rev="2">
<attrib name="value" value="6"/></item>
<item name="NumNodesOfType_Gnd_SINGLE" rev="2">
<attrib name="value" value="2"/></item>
<item name="NumNodesOfType_Vcc_CNTRLPIN" rev="2">
<attrib name="value" value="16"/></item>
<item name="NumNodesOfType_Vcc_GENERIC" rev="2">
<attrib name="value" value="2"/></item>
<item name="NumNodesOfType_Vcc_HVCCOUT" rev="2">
<attrib name="value" value="66"/></item>
<item name="NumNodesOfType_Vcc_IOBIN2OUT" rev="2">
<attrib name="value" value="2"/></item>
<item name="NumNodesOfType_Vcc_IOBOUTPUT" rev="2">
<attrib name="value" value="2"/></item>
<item name="NumNodesOfType_Vcc_KVCCOUT" rev="2">
<attrib name="value" value="16"/></item>
<item name="NumNodesOfType_Vcc_LUTINPUT" rev="2">
<attrib name="value" value="432"/></item>
<item name="NumNodesOfType_Vcc_PADINPUT" rev="2">
<attrib name="value" value="2"/></item>
<item name="NumNodesOfType_Vcc_PINBOUNCE" rev="2">
<attrib name="value" value="16"/></item>
<item name="NumNodesOfType_Vcc_PINFEED" rev="2">
<attrib name="value" value="434"/></item>
</group>
<group name="SiteStatistics">
<item name="BUFG-BUFGMUX" rev="2">
<attrib name="value" value="4"/></item>
<item name="IOB-IOBM" rev="2">
<attrib name="value" value="21"/></item>
<item name="IOB-IOBS" rev="2">
<attrib name="value" value="24"/></item>
<item name="SLICEL-SLICEM" rev="2">
<attrib name="value" value="49"/></item>
<item name="SLICEX-SLICEM" rev="2">
<attrib name="value" value="32"/></item>
</group>
<group name="MiscellaneousStatistics">
<item name="AGG_BONDED_IO" rev="1">
<attrib name="value" value="45"/></item>
<item name="AGG_IO" rev="1">
<attrib name="value" value="45"/></item>
<item name="AGG_LOCED_IO" rev="1">
<attrib name="value" value="45"/></item>
<item name="AGG_SLICE" rev="1">
<attrib name="value" value="155"/></item>
<item name="NUM_BONDED_IOB" rev="1">
<attrib name="value" value="45"/></item>
<item name="NUM_BSFULL" rev="1">
<attrib name="value" value="215"/></item>
<item name="NUM_BSLUTONLY" rev="1">
<attrib name="value" value="122"/></item>
<item name="NUM_BSREGONLY" rev="1">
<attrib name="value" value="118"/></item>
<item name="NUM_BSUSED" rev="1">
<attrib name="value" value="455"/></item>
<item name="NUM_BUFG" rev="1">
<attrib name="value" value="4"/></item>
<item name="NUM_BUFIO2" rev="1">
<attrib name="value" value="1"/></item>
<item name="NUM_BUFIO2FB" rev="1">
<attrib name="value" value="1"/></item>
<item name="NUM_LOCED_IOB" rev="1">
<attrib name="value" value="45"/></item>
<item name="NUM_LOGIC_O5ANDO6" rev="1">
<attrib name="value" value="55"/></item>
<item name="NUM_LOGIC_O5ONLY" rev="1">
<attrib name="value" value="56"/></item>
<item name="NUM_LOGIC_O6ONLY" rev="1">
<attrib name="value" value="157"/></item>
<item name="NUM_LUT_RT_DRIVES_CARRY4" rev="1">
<attrib name="value" value="4"/></item>
<item name="NUM_LUT_RT_DRIVES_FLOP" rev="1">
<attrib name="value" value="9"/></item>
<item name="NUM_LUT_RT_EXO5" rev="1">
<attrib name="value" value="9"/></item>
<item name="NUM_LUT_RT_EXO6" rev="1">
<attrib name="value" value="4"/></item>
<item name="NUM_LUT_RT_O5" rev="1">
<attrib name="value" value="9"/></item>
<item name="NUM_LUT_RT_O6" rev="1">
<attrib name="value" value="56"/></item>
<item name="NUM_PLL_ADV" rev="1">
<attrib name="value" value="1"/></item>
<item name="NUM_RAMB16BWER" rev="1">
<attrib name="value" value="8"/></item>
<item name="NUM_SLICEL" rev="1">
<attrib name="value" value="49"/></item>
<item name="NUM_SLICEM" rev="1">
<attrib name="value" value="16"/></item>
<item name="NUM_SLICEX" rev="1">
<attrib name="value" value="90"/></item>
<item name="NUM_SLICE_CARRY4" rev="1">
<attrib name="value" value="41"/></item>
<item name="NUM_SLICE_CONTROLSET" rev="1">
<attrib name="value" value="33"/></item>
<item name="NUM_SLICE_CYINIT" rev="1">
<attrib name="value" value="465"/></item>
<item name="NUM_SLICE_F7MUX" rev="1">
<attrib name="value" value="8"/></item>
<item name="NUM_SLICE_FF" rev="1">
<attrib name="value" value="363"/></item>
<item name="NUM_SLICE_UNUSEDCTRL" rev="1">
<attrib name="value" value="24"/></item>
<item name="NUM_SRL_O6ONLY" rev="1">
<attrib name="value" value="56"/></item>
<item name="NUM_UNUSABLE_FF_BELS" rev="1">
<attrib name="value" value="77"/></item>
<item name="Xilinx Core c_shift_ram_v11_0, Xilinx CORE Generator 14.7" rev="1">
<attrib name="value" value="8"/></item>
<item name="Xilinx Core fifo_generator_v9_3, Xilinx CORE Generator 14.7" rev="1">
<attrib name="value" value="1"/></item>
</group>
</DesignStatistics>
<DeviceUsage TimeStamp="Thu Apr 23 20:24:16 2015"><group name="SiteSummary">
<item name="BUFG" rev="2">
<attrib name="total" value="1000000"/><attrib name="used" value="4"/></item>
<item name="BUFG_BUFG" rev="2">
<attrib name="total" value="1000000"/><attrib name="used" value="4"/></item>
<item name="BUFIO2" rev="2">
<attrib name="total" value="1000000"/><attrib name="used" value="1"/></item>
<item name="BUFIO2FB" rev="2">
<attrib name="total" value="1000000"/><attrib name="used" value="1"/></item>
<item name="BUFIO2FB_BUFIO2FB" rev="2">
<attrib name="total" value="1000000"/><attrib name="used" value="1"/></item>
<item name="BUFIO2_BUFIO2" rev="2">
<attrib name="total" value="1000000"/><attrib name="used" value="1"/></item>
<item name="CARRY4" rev="2">
<attrib name="total" value="1000000"/><attrib name="used" value="41"/></item>
<item name="FF_SR" rev="2">
<attrib name="total" value="1000000"/><attrib name="used" value="32"/></item>
<item name="HARD0" rev="2">
<attrib name="total" value="1000000"/><attrib name="used" value="4"/></item>
<item name="HARD1" rev="2">
<attrib name="total" value="1000000"/><attrib name="used" value="4"/></item>
<item name="INVERTER" rev="2">
<attrib name="total" value="1000000"/><attrib name="used" value="1"/></item>
<item name="IOB" rev="2">
<attrib name="total" value="1000000"/><attrib name="used" value="45"/></item>
<item name="IOB_IMUX" rev="2">
<attrib name="total" value="1000000"/><attrib name="used" value="13"/></item>
<item name="IOB_INBUF" rev="2">
<attrib name="total" value="1000000"/><attrib name="used" value="13"/></item>
<item name="IOB_OUTBUF" rev="2">
<attrib name="total" value="1000000"/><attrib name="used" value="24"/></item>
<item name="LUT5" rev="2">
<attrib name="total" value="1000000"/><attrib name="used" value="129"/></item>
<item name="LUT6" rev="2">
<attrib name="total" value="1000000"/><attrib name="used" value="268"/></item>
<item name="LUT_OR_MEM6" rev="2">
<attrib name="total" value="1000000"/><attrib name="used" value="60"/></item>
<item name="NULLMUX" rev="2">
<attrib name="total" value="1000000"/><attrib name="used" value="8"/></item>
<item name="PAD" rev="2">
<attrib name="total" value="1000000"/><attrib name="used" value="45"/></item>
<item name="PLL_ADV" rev="2">
<attrib name="total" value="1000000"/><attrib name="used" value="1"/></item>
<item name="PLL_ADV_PLL_ADV" rev="2">
<attrib name="total" value="1000000"/><attrib name="used" value="1"/></item>
<item name="RAMB16BWER" rev="2">
<attrib name="total" value="1000000"/><attrib name="used" value="8"/></item>
<item name="RAMB16BWER_RAMB16BWER" rev="2">
<attrib name="total" value="1000000"/><attrib name="used" value="8"/></item>
<item name="REG_SR" rev="2">
<attrib name="total" value="1000000"/><attrib name="used" value="331"/></item>
<item name="SELMUX2_1" rev="2">
<attrib name="total" value="1000000"/><attrib name="used" value="8"/></item>
<item name="SLICEL" rev="2">
<attrib name="total" value="1000000"/><attrib name="used" value="49"/></item>
<item name="SLICEM" rev="2">
<attrib name="total" value="1000000"/><attrib name="used" value="16"/></item>
<item name="SLICEX" rev="2">
<attrib name="total" value="1000000"/><attrib name="used" value="90"/></item>
</group>
</DeviceUsage>
<ReportConfigData TimeStamp="Thu Apr 23 20:24:16 2015"><group name="REG_SR">
<item name="CK" rev="2">
<attrib name="CK" value="331"/><attrib name="CK_INV" value="0"/></item>
<item name="LATCH_OR_FF" rev="2">
<attrib name="FF" value="331"/></item>
<item name="SRINIT" rev="2">
<attrib name="SRINIT0" value="311"/><attrib name="SRINIT1" value="20"/></item>
<item name="SYNC_ATTR" rev="2">
<attrib name="ASYNC" value="187"/><attrib name="SYNC" value="144"/></item>
</group>
<group name="LUT_OR_MEM6">
<item name="CLK" rev="2">
<attrib name="CLK" value="56"/><attrib name="CLK_INV" value="0"/></item>
<item name="LUT_OR_MEM" rev="2">
<attrib name="LUT" value="4"/><attrib name="RAM" value="56"/></item>
<item name="RAMMODE" rev="2">
<attrib name="SRL32" value="56"/></item>
</group>
<group name="SLICEL">
<item name="CLK" rev="2">
<attrib name="CLK" value="41"/><attrib name="CLK_INV" value="0"/></item>
</group>
<group name="PLL_ADV_PLL_ADV">
<item name="BANDWIDTH" rev="2">
<attrib name="OPTIMIZED" value="1"/></item>
<item name="CLK_FEEDBACK" rev="2">
<attrib name="CLKFBOUT" value="1"/></item>
<item name="COMPENSATION" rev="2">
<attrib name="SYSTEM_SYNCHRONOUS" value="1"/></item>
<item name="PLL_ADD_LEAKAGE" rev="2">
<attrib name="2" value="1"/></item>
<item name="PLL_AVDD_COMP_SET" rev="2">
<attrib name="2" value="1"/></item>
<item name="PLL_CLAMP_BYPASS" rev="2">
<attrib name="FALSE" value="1"/></item>
<item name="PLL_CLAMP_REF_SEL" rev="2">
<attrib name="1" value="1"/></item>
<item name="PLL_CLK0MX" rev="2">
<attrib name="0" value="1"/></item>
<item name="PLL_CLK1MX" rev="2">
<attrib name="0" value="1"/></item>
<item name="PLL_CLK2MX" rev="2">
<attrib name="0" value="1"/></item>
<item name="PLL_CLK3MX" rev="2">
<attrib name="0" value="1"/></item>
<item name="PLL_CLK4MX" rev="2">
<attrib name="0" value="1"/></item>
<item name="PLL_CLK5MX" rev="2">
<attrib name="0" value="1"/></item>
<item name="PLL_CLKBURST_CNT" rev="2">
<attrib name="0" value="1"/></item>
<item name="PLL_CLKBURST_ENABLE" rev="2">
<attrib name="TRUE" value="1"/></item>
<item name="PLL_CLKCNTRL" rev="2">
<attrib name="0" value="1"/></item>
<item name="PLL_CLKFBMX" rev="2">
<attrib name="0" value="1"/></item>
<item name="PLL_CLKFBOUT2_EDGE" rev="2">
<attrib name="TRUE" value="1"/></item>
<item name="PLL_CLKFBOUT2_NOCOUNT" rev="2">
<attrib name="TRUE" value="1"/></item>
<item name="PLL_CLKFBOUT_EDGE" rev="2">
<attrib name="TRUE" value="1"/></item>
<item name="PLL_CLKFBOUT_EN" rev="2">
<attrib name="FALSE" value="1"/></item>
<item name="PLL_CLKFBOUT_NOCOUNT" rev="2">
<attrib name="TRUE" value="1"/></item>
<item name="PLL_CLKOUT0_EDGE" rev="2">
<attrib name="TRUE" value="1"/></item>
<item name="PLL_CLKOUT0_EN" rev="2">
<attrib name="FALSE" value="1"/></item>
<item name="PLL_CLKOUT0_NOCOUNT" rev="2">
<attrib name="TRUE" value="1"/></item>
<item name="PLL_CLKOUT1_EDGE" rev="2">
<attrib name="TRUE" value="1"/></item>
<item name="PLL_CLKOUT1_EN" rev="2">
<attrib name="FALSE" value="1"/></item>
<item name="PLL_CLKOUT1_NOCOUNT" rev="2">
<attrib name="TRUE" value="1"/></item>
<item name="PLL_CLKOUT2_EDGE" rev="2">
<attrib name="TRUE" value="1"/></item>
<item name="PLL_CLKOUT2_EN" rev="2">
<attrib name="FALSE" value="1"/></item>
<item name="PLL_CLKOUT2_NOCOUNT" rev="2">
<attrib name="TRUE" value="1"/></item>
<item name="PLL_CLKOUT3_EDGE" rev="2">
<attrib name="TRUE" value="1"/></item>
<item name="PLL_CLKOUT3_EN" rev="2">
<attrib name="FALSE" value="1"/></item>
<item name="PLL_CLKOUT3_NOCOUNT" rev="2">
<attrib name="TRUE" value="1"/></item>
<item name="PLL_CLKOUT4_EDGE" rev="2">
<attrib name="TRUE" value="1"/></item>
<item name="PLL_CLKOUT4_EN" rev="2">
<attrib name="FALSE" value="1"/></item>
<item name="PLL_CLKOUT4_NOCOUNT" rev="2">
<attrib name="TRUE" value="1"/></item>
<item name="PLL_CLKOUT5_EDGE" rev="2">
<attrib name="TRUE" value="1"/></item>
<item name="PLL_CLKOUT5_EN" rev="2">
<attrib name="FALSE" value="1"/></item>
<item name="PLL_CLKOUT5_NOCOUNT" rev="2">
<attrib name="TRUE" value="1"/></item>
<item name="PLL_CLK_LOST_DETECT" rev="2">
<attrib name="FALSE" value="1"/></item>
<item name="PLL_CP" rev="2">
<attrib name="1" value="1"/></item>
<item name="PLL_CP_BIAS_TRIP_SHIFT" rev="2">
<attrib name="TRUE" value="1"/></item>
<item name="PLL_CP_REPL" rev="2">
<attrib name="1" value="1"/></item>
<item name="PLL_CP_RES" rev="2">
<attrib name="0" value="1"/></item>
<item name="PLL_DIRECT_PATH_CNTRL" rev="2">
<attrib name="TRUE" value="1"/></item>
<item name="PLL_DIVCLK_EDGE" rev="2">
<attrib name="TRUE" value="1"/></item>
<item name="PLL_DIVCLK_NOCOUNT" rev="2">
<attrib name="TRUE" value="1"/></item>
<item name="PLL_DVDD_COMP_SET" rev="2">
<attrib name="2" value="1"/></item>
<item name="PLL_EN" rev="2">
<attrib name="FALSE" value="1"/></item>
<item name="PLL_EN_DLY" rev="2">
<attrib name="TRUE" value="1"/></item>
<item name="PLL_EN_LEAKAGE" rev="2">
<attrib name="2" value="1"/></item>
<item name="PLL_EN_TCLK0" rev="2">
<attrib name="TRUE" value="1"/></item>
<item name="PLL_EN_TCLK1" rev="2">
<attrib name="TRUE" value="1"/></item>
<item name="PLL_EN_TCLK2" rev="2">
<attrib name="TRUE" value="1"/></item>
<item name="PLL_EN_TCLK3" rev="2">
<attrib name="TRUE" value="1"/></item>
<item name="PLL_EN_VCO0" rev="2">
<attrib name="FALSE" value="1"/></item>
<item name="PLL_EN_VCO1" rev="2">
<attrib name="FALSE" value="1"/></item>
<item name="PLL_EN_VCO2" rev="2">
<attrib name="FALSE" value="1"/></item>
<item name="PLL_EN_VCO3" rev="2">
<attrib name="FALSE" value="1"/></item>
<item name="PLL_EN_VCO4" rev="2">
<attrib name="FALSE" value="1"/></item>
<item name="PLL_EN_VCO5" rev="2">
<attrib name="FALSE" value="1"/></item>
<item name="PLL_EN_VCO6" rev="2">
<attrib name="FALSE" value="1"/></item>
<item name="PLL_EN_VCO7" rev="2">
<attrib name="FALSE" value="1"/></item>
<item name="PLL_EN_VCO_DIV1" rev="2">
<attrib name="FALSE" value="1"/></item>
<item name="PLL_EN_VCO_DIV6" rev="2">
<attrib name="TRUE" value="1"/></item>
<item name="PLL_INTFB" rev="2">
<attrib name="0" value="1"/></item>
<item name="PLL_IO_CLKSRC" rev="2">
<attrib name="0" value="1"/></item>
<item name="PLL_LFHF" rev="2">
<attrib name="3" value="1"/></item>
<item name="PLL_LOCK_FB_DLY" rev="2">
<attrib name="3" value="1"/></item>
<item name="PLL_LOCK_REF_DLY" rev="2">
<attrib name="5" value="1"/></item>
<item name="PLL_MAN_LF_EN" rev="2">
<attrib name="TRUE" value="1"/></item>
<item name="PLL_NBTI_EN" rev="2">
<attrib name="TRUE" value="1"/></item>
<item name="PLL_PFD_CNTRL" rev="2">
<attrib name="8" value="1"/></item>
<item name="PLL_PFD_DLY" rev="2">
<attrib name="1" value="1"/></item>
<item name="PLL_PWRD_CFG" rev="2">
<attrib name="FALSE" value="1"/></item>
<item name="PLL_REG_INPUT" rev="2">
<attrib name="TRUE" value="1"/></item>
<item name="PLL_RES" rev="2">
<attrib name="1" value="1"/></item>
<item name="PLL_SEL_SLIPD" rev="2">
<attrib name="FALSE" value="1"/></item>
<item name="PLL_SKEW_CNTRL" rev="2">
<attrib name="0" value="1"/></item>
<item name="PLL_TEST_IN_WINDOW" rev="2">
<attrib name="FALSE" value="1"/></item>
<item name="PLL_VDD_SEL" rev="2">
<attrib name="0" value="1"/></item>
<item name="PLL_VLFHIGH_DIS" rev="2">
<attrib name="TRUE" value="1"/></item>
<item name="RST" rev="2">
<attrib name="RST" value="1"/><attrib name="RST_INV" value="0"/></item>
</group>
<group name="SLICEM">
<item name="CLK" rev="2">
<attrib name="CLK" value="16"/><attrib name="CLK_INV" value="0"/></item>
</group>
<group name="IOB_OUTBUF">
<item name="DRIVEATTRBOX" rev="2">
<attrib name="24" value="24"/></item>
<item name="SLEW" rev="2">
<attrib name="FAST" value="24"/></item>
<item name="SUSPEND" rev="2">
<attrib name="3STATE" value="24"/></item>
</group>
<group name="SLICEX">
<item name="CLK" rev="2">
<attrib name="CLK" value="74"/><attrib name="CLK_INV" value="0"/></item>
</group>
<group name="BUFIO2FB_BUFIO2FB">
<item name="DIVIDE_BYPASS" rev="2">
<attrib name="TRUE" value="1"/></item>
<item name="INVERT_INPUTS" rev="2">
<attrib name="FALSE" value="1"/></item>
</group>
<group name="IOB_INBUF">
<item name="DIFF_TERM" rev="2">
<attrib name="FALSE" value="8"/></item>
</group>
<group name="PLL_ADV">
<item name="RST" rev="2">
<attrib name="RST" value="1"/><attrib name="RST_INV" value="0"/></item>
</group>
<group name="RAMB16BWER">
<item name="CLKA" rev="2">
<attrib name="CLKA_INV" value="0"/><attrib name="CLKA" value="8"/></item>
<item name="CLKB" rev="2">
<attrib name="CLKB_INV" value="0"/><attrib name="CLKB" value="8"/></item>
<item name="ENA" rev="2">
<attrib name="ENA_INV" value="0"/><attrib name="ENA" value="8"/></item>
<item name="ENB" rev="2">
<attrib name="ENB_INV" value="0"/><attrib name="ENB" value="8"/></item>
<item name="REGCEA" rev="2">
<attrib name="REGCEA_INV" value="0"/><attrib name="REGCEA" value="8"/></item>
<item name="REGCEB" rev="2">
<attrib name="REGCEB_INV" value="0"/><attrib name="REGCEB" value="8"/></item>
<item name="RSTA" rev="2">
<attrib name="RSTA" value="8"/><attrib name="RSTA_INV" value="0"/></item>
<item name="RSTB" rev="2">
<attrib name="RSTB" value="8"/><attrib name="RSTB_INV" value="0"/></item>
<item name="WEA0" rev="2">
<attrib name="WEA0" value="8"/><attrib name="WEA0_INV" value="0"/></item>
<item name="WEA1" rev="2">
<attrib name="WEA1" value="8"/><attrib name="WEA1_INV" value="0"/></item>
<item name="WEA2" rev="2">
<attrib name="WEA2" value="8"/><attrib name="WEA2_INV" value="0"/></item>
<item name="WEA3" rev="2">
<attrib name="WEA3_INV" value="0"/><attrib name="WEA3" value="8"/></item>
<item name="WEB0" rev="2">
<attrib name="WEB0" value="8"/><attrib name="WEB0_INV" value="0"/></item>
<item name="WEB1" rev="2">
<attrib name="WEB1" value="8"/><attrib name="WEB1_INV" value="0"/></item>
<item name="WEB2" rev="2">
<attrib name="WEB2_INV" value="0"/><attrib name="WEB2" value="8"/></item>
<item name="WEB3" rev="2">
<attrib name="WEB3" value="8"/><attrib name="WEB3_INV" value="0"/></item>
</group>
<group name="BUFIO2_BUFIO2">
<item name="DIVIDE" rev="2">
<attrib name="1" value="1"/></item>
<item name="DIVIDE_BYPASS" rev="2">
<attrib name="TRUE" value="1"/></item>
<item name="I_INVERT" rev="2">
<attrib name="FALSE" value="1"/></item>
</group>
<group name="RAMB16BWER_RAMB16BWER">
<item name="CLKA" rev="2">
<attrib name="CLKA_INV" value="0"/><attrib name="CLKA" value="8"/></item>
<item name="CLKB" rev="2">
<attrib name="CLKB_INV" value="0"/><attrib name="CLKB" value="8"/></item>
<item name="DATA_WIDTH_A" rev="2">
<attrib name="1" value="8"/></item>
<item name="DATA_WIDTH_B" rev="2">
<attrib name="1" value="8"/></item>
<item name="DOA_REG" rev="2">
<attrib name="0" value="8"/></item>
<item name="DOB_REG" rev="2">
<attrib name="0" value="8"/></item>
<item name="ENA" rev="2">
<attrib name="ENA_INV" value="0"/><attrib name="ENA" value="8"/></item>
<item name="ENB" rev="2">
<attrib name="ENB_INV" value="0"/><attrib name="ENB" value="8"/></item>
<item name="EN_RSTRAM_A" rev="2">
<attrib name="FALSE" value="8"/></item>
<item name="EN_RSTRAM_B" rev="2">
<attrib name="TRUE" value="8"/></item>
<item name="RAM_MODE" rev="2">
<attrib name="TDP" value="8"/></item>
<item name="REGCEA" rev="2">
<attrib name="REGCEA_INV" value="0"/><attrib name="REGCEA" value="8"/></item>
<item name="REGCEB" rev="2">
<attrib name="REGCEB_INV" value="0"/><attrib name="REGCEB" value="8"/></item>
<item name="RSTA" rev="2">
<attrib name="RSTA" value="8"/><attrib name="RSTA_INV" value="0"/></item>
<item name="RSTB" rev="2">
<attrib name="RSTB" value="8"/><attrib name="RSTB_INV" value="0"/></item>
<item name="RSTTYPE" rev="2">
<attrib name="SYNC" value="8"/></item>
<item name="RST_PRIORITY_A" rev="2">
<attrib name="CE" value="8"/></item>
<item name="RST_PRIORITY_B" rev="2">
<attrib name="CE" value="8"/></item>
<item name="WEA0" rev="2">
<attrib name="WEA0" value="8"/><attrib name="WEA0_INV" value="0"/></item>
<item name="WEA1" rev="2">
<attrib name="WEA1" value="8"/><attrib name="WEA1_INV" value="0"/></item>
<item name="WEA2" rev="2">
<attrib name="WEA2" value="8"/><attrib name="WEA2_INV" value="0"/></item>
<item name="WEA3" rev="2">
<attrib name="WEA3_INV" value="0"/><attrib name="WEA3" value="8"/></item>
<item name="WEB0" rev="2">
<attrib name="WEB0" value="8"/><attrib name="WEB0_INV" value="0"/></item>
<item name="WEB1" rev="2">
<attrib name="WEB1" value="8"/><attrib name="WEB1_INV" value="0"/></item>
<item name="WEB2" rev="2">
<attrib name="WEB2_INV" value="0"/><attrib name="WEB2" value="8"/></item>
<item name="WEB3" rev="2">
<attrib name="WEB3" value="8"/><attrib name="WEB3_INV" value="0"/></item>
<item name="WRITE_MODE_A" rev="2">
<attrib name="WRITE_FIRST" value="8"/></item>
<item name="WRITE_MODE_B" rev="2">
<attrib name="WRITE_FIRST" value="8"/></item>
</group>
<group name="FF_SR">
<item name="CK" rev="2">
<attrib name="CK" value="32"/><attrib name="CK_INV" value="0"/></item>
<item name="SRINIT" rev="2">
<attrib name="SRINIT0" value="31"/><attrib name="SRINIT1" value="1"/></item>
<item name="SYNC_ATTR" rev="2">
<attrib name="ASYNC" value="27"/><attrib name="SYNC" value="5"/></item>
</group>
</ReportConfigData>
<ReportPinData TimeStamp="Thu Apr 23 20:24:16 2015"><group name="BUFIO2">
<item name="DIVCLK" rev="2">
<attrib name="value" value="1"/></item>
<item name="I" rev="2">
<attrib name="value" value="1"/></item>
</group>
<group name="NULLMUX">
<item name="0" rev="2">
<attrib name="value" value="8"/></item>
<item name="OUT" rev="2">
<attrib name="value" value="8"/></item>
</group>
<group name="REG_SR">
<item name="CE" rev="2">
<attrib name="value" value="146"/></item>
<item name="CK" rev="2">
<attrib name="value" value="331"/></item>
<item name="D" rev="2">
<attrib name="value" value="331"/></item>
<item name="Q" rev="2">
<attrib name="value" value="331"/></item>
<item name="SR" rev="2">
<attrib name="value" value="315"/></item>
</group>
<group name="LUT_OR_MEM6">
<item name="A1" rev="2">
<attrib name="value" value="56"/></item>
<item name="A2" rev="2">
<attrib name="value" value="56"/></item>
<item name="A3" rev="2">
<attrib name="value" value="56"/></item>
<item name="A4" rev="2">
<attrib name="value" value="56"/></item>
<item name="A5" rev="2">
<attrib name="value" value="60"/></item>
<item name="A6" rev="2">
<attrib name="value" value="60"/></item>
<item name="CLK" rev="2">
<attrib name="value" value="56"/></item>
<item name="DI1" rev="2">
<attrib name="value" value="56"/></item>
<item name="MC31" rev="2">
<attrib name="value" value="40"/></item>
<item name="O6" rev="2">
<attrib name="value" value="20"/></item>
<item name="WE" rev="2">
<attrib name="value" value="56"/></item>
</group>
<group name="SLICEL">
<item name="A" rev="2">
<attrib name="value" value="1"/></item>
<item name="A2" rev="2">
<attrib name="value" value="8"/></item>
<item name="A3" rev="2">
<attrib name="value" value="16"/></item>
<item name="A4" rev="2">
<attrib name="value" value="39"/></item>
<item name="A5" rev="2">
<attrib name="value" value="27"/></item>
<item name="A6" rev="2">
<attrib name="value" value="42"/></item>
<item name="AQ" rev="2">
<attrib name="value" value="32"/></item>
<item name="AX" rev="2">
<attrib name="value" value="17"/></item>
<item name="B2" rev="2">
<attrib name="value" value="8"/></item>
<item name="B3" rev="2">
<attrib name="value" value="8"/></item>
<item name="B4" rev="2">
<attrib name="value" value="41"/></item>
<item name="B5" rev="2">
<attrib name="value" value="24"/></item>
<item name="B6" rev="2">
<attrib name="value" value="38"/></item>
<item name="BQ" rev="2">
<attrib name="value" value="33"/></item>
<item name="BX" rev="2">
<attrib name="value" value="16"/></item>
<item name="C1" rev="2">
<attrib name="value" value="8"/></item>
<item name="C2" rev="2">
<attrib name="value" value="16"/></item>
<item name="C3" rev="2">
<attrib name="value" value="16"/></item>
<item name="C4" rev="2">
<attrib name="value" value="46"/></item>
<item name="C5" rev="2">
<attrib name="value" value="32"/></item>
<item name="C6" rev="2">
<attrib name="value" value="46"/></item>
<item name="CE" rev="2">
<attrib name="value" value="26"/></item>
<item name="CIN" rev="2">
<attrib name="value" value="25"/></item>
<item name="CLK" rev="2">
<attrib name="value" value="41"/></item>
<item name="CMUX" rev="2">
<attrib name="value" value="4"/></item>
<item name="COUT" rev="2">
<attrib name="value" value="25"/></item>
<item name="CQ" rev="2">
<attrib name="value" value="38"/></item>
<item name="CX" rev="2">
<attrib name="value" value="24"/></item>
<item name="D1" rev="2">
<attrib name="value" value="8"/></item>
<item name="D2" rev="2">
<attrib name="value" value="12"/></item>
<item name="D3" rev="2">
<attrib name="value" value="12"/></item>
<item name="D4" rev="2">
<attrib name="value" value="42"/></item>
<item name="D5" rev="2">
<attrib name="value" value="28"/></item>
<item name="D6" rev="2">
<attrib name="value" value="41"/></item>
<item name="DQ" rev="2">
<attrib name="value" value="30"/></item>
<item name="DX" rev="2">
<attrib name="value" value="8"/></item>
<item name="SR" rev="2">
<attrib name="value" value="41"/></item>
</group>
<group name="PLL_ADV_PLL_ADV">
<item name="CLKFBIN" rev="2">
<attrib name="value" value="1"/></item>
<item name="CLKFBOUT" rev="2">
<attrib name="value" value="1"/></item>
<item name="CLKIN1" rev="2">
<attrib name="value" value="1"/></item>
<item name="CLKOUT0" rev="2">
<attrib name="value" value="1"/></item>
<item name="CLKOUT1" rev="2">
<attrib name="value" value="1"/></item>
<item name="CLKOUT2" rev="2">
<attrib name="value" value="1"/></item>
<item name="RST" rev="2">
<attrib name="value" value="1"/></item>
</group>
<group name="SLICEM">
<item name="A1" rev="2">
<attrib name="value" value="14"/></item>
<item name="A2" rev="2">
<attrib name="value" value="14"/></item>
<item name="A3" rev="2">
<attrib name="value" value="14"/></item>
<item name="A4" rev="2">
<attrib name="value" value="14"/></item>
<item name="A5" rev="2">
<attrib name="value" value="14"/></item>
<item name="A6" rev="2">
<attrib name="value" value="14"/></item>
<item name="AQ" rev="2">
<attrib name="value" value="14"/></item>
<item name="B1" rev="2">
<attrib name="value" value="16"/></item>
<item name="B2" rev="2">
<attrib name="value" value="16"/></item>
<item name="B3" rev="2">
<attrib name="value" value="16"/></item>
<item name="B4" rev="2">
<attrib name="value" value="16"/></item>
<item name="B5" rev="2">
<attrib name="value" value="16"/></item>
<item name="B6" rev="2">
<attrib name="value" value="16"/></item>
<item name="BQ" rev="2">
<attrib name="value" value="2"/></item>
<item name="C1" rev="2">
<attrib name="value" value="16"/></item>
<item name="C2" rev="2">
<attrib name="value" value="16"/></item>
<item name="C3" rev="2">
<attrib name="value" value="16"/></item>
<item name="C4" rev="2">
<attrib name="value" value="16"/></item>
<item name="C5" rev="2">
<attrib name="value" value="16"/></item>
<item name="C6" rev="2">
<attrib name="value" value="16"/></item>
<item name="CE" rev="2">
<attrib name="value" value="16"/></item>
<item name="CLK" rev="2">
<attrib name="value" value="16"/></item>
<item name="CX" rev="2">
<attrib name="value" value="6"/></item>
<item name="D" rev="2">
<attrib name="value" value="4"/></item>
<item name="D1" rev="2">
<attrib name="value" value="10"/></item>
<item name="D2" rev="2">
<attrib name="value" value="10"/></item>
<item name="D3" rev="2">
<attrib name="value" value="10"/></item>
<item name="D4" rev="2">
<attrib name="value" value="10"/></item>
<item name="D5" rev="2">
<attrib name="value" value="14"/></item>
<item name="D6" rev="2">
<attrib name="value" value="14"/></item>
<item name="DX" rev="2">
<attrib name="value" value="10"/></item>
<item name="SR" rev="2">
<attrib name="value" value="8"/></item>
</group>
<group name="IOB_OUTBUF">
<item name="IN" rev="2">
<attrib name="value" value="24"/></item>
<item name="OUT" rev="2">
<attrib name="value" value="24"/></item>
</group>
<group name="SLICEX">
<item name="A" rev="2">
<attrib name="value" value="15"/></item>
<item name="A1" rev="2">
<attrib name="value" value="9"/></item>
<item name="A2" rev="2">
<attrib name="value" value="13"/></item>
<item name="A3" rev="2">
<attrib name="value" value="24"/></item>
<item name="A4" rev="2">
<attrib name="value" value="27"/></item>
<item name="A5" rev="2">
<attrib name="value" value="36"/></item>
<item name="A6" rev="2">
<attrib name="value" value="33"/></item>
<item name="AMUX" rev="2">
<attrib name="value" value="14"/></item>
<item name="AQ" rev="2">
<attrib name="value" value="60"/></item>
<item name="AX" rev="2">
<attrib name="value" value="40"/></item>
<item name="B" rev="2">
<attrib name="value" value="12"/></item>
<item name="B1" rev="2">
<attrib name="value" value="7"/></item>
<item name="B2" rev="2">
<attrib name="value" value="10"/></item>
<item name="B3" rev="2">
<attrib name="value" value="16"/></item>
<item name="B4" rev="2">
<attrib name="value" value="19"/></item>
<item name="B5" rev="2">
<attrib name="value" value="22"/></item>
<item name="B6" rev="2">
<attrib name="value" value="22"/></item>
<item name="BMUX" rev="2">
<attrib name="value" value="8"/></item>
<item name="BQ" rev="2">
<attrib name="value" value="45"/></item>
<item name="BX" rev="2">
<attrib name="value" value="35"/></item>
<item name="C" rev="2">
<attrib name="value" value="7"/></item>
<item name="C1" rev="2">
<attrib name="value" value="9"/></item>
<item name="C2" rev="2">
<attrib name="value" value="9"/></item>
<item name="C3" rev="2">
<attrib name="value" value="17"/></item>
<item name="C4" rev="2">
<attrib name="value" value="18"/></item>
<item name="C5" rev="2">
<attrib name="value" value="20"/></item>
<item name="C6" rev="2">
<attrib name="value" value="21"/></item>
<item name="CE" rev="2">
<attrib name="value" value="18"/></item>
<item name="CLK" rev="2">
<attrib name="value" value="74"/></item>
<item name="CMUX" rev="2">
<attrib name="value" value="8"/></item>
<item name="CQ" rev="2">
<attrib name="value" value="44"/></item>
<item name="CX" rev="2">
<attrib name="value" value="29"/></item>
<item name="D" rev="2">
<attrib name="value" value="17"/></item>
<item name="D1" rev="2">
<attrib name="value" value="4"/></item>
<item name="D2" rev="2">
<attrib name="value" value="5"/></item>
<item name="D3" rev="2">
<attrib name="value" value="10"/></item>
<item name="D4" rev="2">
<attrib name="value" value="11"/></item>
<item name="D5" rev="2">
<attrib name="value" value="22"/></item>
<item name="D6" rev="2">
<attrib name="value" value="20"/></item>
<item name="DMUX" rev="2">
<attrib name="value" value="5"/></item>
<item name="DQ" rev="2">
<attrib name="value" value="33"/></item>
<item name="DX" rev="2">
<attrib name="value" value="29"/></item>
<item name="SR" rev="2">
<attrib name="value" value="69"/></item>
</group>
<group name="BUFG_BUFG">
<item name="I0" rev="2">
<attrib name="value" value="4"/></item>
<item name="O" rev="2">
<attrib name="value" value="4"/></item>
</group>
<group name="PAD">
<item name="PAD" rev="2">
<attrib name="value" value="45"/></item>
</group>
<group name="BUFIO2FB">
<item name="I" rev="2">
<attrib name="value" value="1"/></item>
<item name="O" rev="2">
<attrib name="value" value="1"/></item>
</group>
<group name="BUFIO2FB_BUFIO2FB">
<item name="I" rev="2">
<attrib name="value" value="1"/></item>
<item name="O" rev="2">
<attrib name="value" value="1"/></item>
</group>
<group name="IOB_INBUF">
<item name="DIFFI_IN" rev="2">
<attrib name="value" value="8"/></item>
<item name="OUT" rev="2">
<attrib name="value" value="13"/></item>
<item name="PAD" rev="2">
<attrib name="value" value="13"/></item>
</group>
<group name="PLL_ADV">
<item name="CLKFBIN" rev="2">
<attrib name="value" value="1"/></item>
<item name="CLKFBOUT" rev="2">
<attrib name="value" value="1"/></item>
<item name="CLKIN1" rev="2">
<attrib name="value" value="1"/></item>
<item name="CLKOUT0" rev="2">
<attrib name="value" value="1"/></item>
<item name="CLKOUT1" rev="2">
<attrib name="value" value="1"/></item>
<item name="CLKOUT2" rev="2">
<attrib name="value" value="1"/></item>
<item name="RST" rev="2">
<attrib name="value" value="1"/></item>
</group>
<group name="RAMB16BWER">
<item name="ADDRA0" rev="2">
<attrib name="value" value="8"/></item>
<item name="ADDRA1" rev="2">
<attrib name="value" value="8"/></item>
<item name="ADDRA10" rev="2">
<attrib name="value" value="8"/></item>
<item name="ADDRA11" rev="2">
<attrib name="value" value="8"/></item>
<item name="ADDRA12" rev="2">
<attrib name="value" value="8"/></item>
<item name="ADDRA13" rev="2">
<attrib name="value" value="8"/></item>
<item name="ADDRA2" rev="2">
<attrib name="value" value="8"/></item>
<item name="ADDRA3" rev="2">
<attrib name="value" value="8"/></item>
<item name="ADDRA4" rev="2">
<attrib name="value" value="8"/></item>
<item name="ADDRA5" rev="2">
<attrib name="value" value="8"/></item>
<item name="ADDRA6" rev="2">
<attrib name="value" value="8"/></item>
<item name="ADDRA7" rev="2">
<attrib name="value" value="8"/></item>
<item name="ADDRA8" rev="2">
<attrib name="value" value="8"/></item>
<item name="ADDRA9" rev="2">
<attrib name="value" value="8"/></item>
<item name="ADDRB0" rev="2">
<attrib name="value" value="8"/></item>
<item name="ADDRB1" rev="2">
<attrib name="value" value="8"/></item>
<item name="ADDRB10" rev="2">
<attrib name="value" value="8"/></item>
<item name="ADDRB11" rev="2">
<attrib name="value" value="8"/></item>
<item name="ADDRB12" rev="2">
<attrib name="value" value="8"/></item>
<item name="ADDRB13" rev="2">
<attrib name="value" value="8"/></item>
<item name="ADDRB2" rev="2">
<attrib name="value" value="8"/></item>
<item name="ADDRB3" rev="2">
<attrib name="value" value="8"/></item>
<item name="ADDRB4" rev="2">
<attrib name="value" value="8"/></item>
<item name="ADDRB5" rev="2">
<attrib name="value" value="8"/></item>
<item name="ADDRB6" rev="2">
<attrib name="value" value="8"/></item>
<item name="ADDRB7" rev="2">
<attrib name="value" value="8"/></item>
<item name="ADDRB8" rev="2">
<attrib name="value" value="8"/></item>
<item name="ADDRB9" rev="2">
<attrib name="value" value="8"/></item>
<item name="CLKA" rev="2">
<attrib name="value" value="8"/></item>
<item name="CLKB" rev="2">
<attrib name="value" value="8"/></item>
<item name="DIA0" rev="2">
<attrib name="value" value="8"/></item>
<item name="DIA1" rev="2">
<attrib name="value" value="8"/></item>
<item name="DIA10" rev="2">
<attrib name="value" value="8"/></item>
<item name="DIA11" rev="2">
<attrib name="value" value="8"/></item>
<item name="DIA12" rev="2">
<attrib name="value" value="8"/></item>
<item name="DIA13" rev="2">
<attrib name="value" value="8"/></item>
<item name="DIA14" rev="2">
<attrib name="value" value="8"/></item>
<item name="DIA15" rev="2">
<attrib name="value" value="8"/></item>
<item name="DIA16" rev="2">
<attrib name="value" value="8"/></item>
<item name="DIA17" rev="2">
<attrib name="value" value="8"/></item>
<item name="DIA18" rev="2">
<attrib name="value" value="8"/></item>
<item name="DIA19" rev="2">
<attrib name="value" value="8"/></item>
<item name="DIA2" rev="2">
<attrib name="value" value="8"/></item>
<item name="DIA20" rev="2">
<attrib name="value" value="8"/></item>
<item name="DIA21" rev="2">
<attrib name="value" value="8"/></item>
<item name="DIA22" rev="2">
<attrib name="value" value="8"/></item>
<item name="DIA23" rev="2">
<attrib name="value" value="8"/></item>
<item name="DIA24" rev="2">
<attrib name="value" value="8"/></item>
<item name="DIA25" rev="2">
<attrib name="value" value="8"/></item>
<item name="DIA26" rev="2">
<attrib name="value" value="8"/></item>
<item name="DIA27" rev="2">
<attrib name="value" value="8"/></item>
<item name="DIA28" rev="2">
<attrib name="value" value="8"/></item>
<item name="DIA29" rev="2">
<attrib name="value" value="8"/></item>
<item name="DIA3" rev="2">
<attrib name="value" value="8"/></item>
<item name="DIA30" rev="2">
<attrib name="value" value="8"/></item>
<item name="DIA31" rev="2">
<attrib name="value" value="8"/></item>
<item name="DIA4" rev="2">
<attrib name="value" value="8"/></item>
<item name="DIA5" rev="2">
<attrib name="value" value="8"/></item>
<item name="DIA6" rev="2">
<attrib name="value" value="8"/></item>
<item name="DIA7" rev="2">
<attrib name="value" value="8"/></item>
<item name="DIA8" rev="2">
<attrib name="value" value="8"/></item>
<item name="DIA9" rev="2">
<attrib name="value" value="8"/></item>
<item name="DIB0" rev="2">
<attrib name="value" value="8"/></item>
<item name="DIB1" rev="2">
<attrib name="value" value="8"/></item>
<item name="DIB10" rev="2">
<attrib name="value" value="8"/></item>
<item name="DIB11" rev="2">
<attrib name="value" value="8"/></item>
<item name="DIB12" rev="2">
<attrib name="value" value="8"/></item>
<item name="DIB13" rev="2">
<attrib name="value" value="8"/></item>
<item name="DIB14" rev="2">
<attrib name="value" value="8"/></item>
<item name="DIB15" rev="2">
<attrib name="value" value="8"/></item>
<item name="DIB16" rev="2">
<attrib name="value" value="8"/></item>
<item name="DIB17" rev="2">
<attrib name="value" value="8"/></item>
<item name="DIB18" rev="2">
<attrib name="value" value="8"/></item>
<item name="DIB19" rev="2">
<attrib name="value" value="8"/></item>
<item name="DIB2" rev="2">
<attrib name="value" value="8"/></item>
<item name="DIB20" rev="2">
<attrib name="value" value="8"/></item>
<item name="DIB21" rev="2">
<attrib name="value" value="8"/></item>
<item name="DIB22" rev="2">
<attrib name="value" value="8"/></item>
<item name="DIB23" rev="2">
<attrib name="value" value="8"/></item>
<item name="DIB24" rev="2">
<attrib name="value" value="8"/></item>
<item name="DIB25" rev="2">
<attrib name="value" value="8"/></item>
<item name="DIB26" rev="2">
<attrib name="value" value="8"/></item>
<item name="DIB27" rev="2">
<attrib name="value" value="8"/></item>
<item name="DIB28" rev="2">
<attrib name="value" value="8"/></item>
<item name="DIB29" rev="2">
<attrib name="value" value="8"/></item>
<item name="DIB3" rev="2">
<attrib name="value" value="8"/></item>
<item name="DIB30" rev="2">
<attrib name="value" value="8"/></item>
<item name="DIB31" rev="2">
<attrib name="value" value="8"/></item>
<item name="DIB4" rev="2">
<attrib name="value" value="8"/></item>
<item name="DIB5" rev="2">
<attrib name="value" value="8"/></item>
<item name="DIB6" rev="2">
<attrib name="value" value="8"/></item>
<item name="DIB7" rev="2">
<attrib name="value" value="8"/></item>
<item name="DIB8" rev="2">
<attrib name="value" value="8"/></item>
<item name="DIB9" rev="2">
<attrib name="value" value="8"/></item>
<item name="DIPA0" rev="2">
<attrib name="value" value="8"/></item>
<item name="DIPA1" rev="2">
<attrib name="value" value="8"/></item>
<item name="DIPA2" rev="2">
<attrib name="value" value="8"/></item>
<item name="DIPA3" rev="2">
<attrib name="value" value="8"/></item>
<item name="DIPB0" rev="2">
<attrib name="value" value="8"/></item>
<item name="DIPB1" rev="2">
<attrib name="value" value="8"/></item>
<item name="DIPB2" rev="2">
<attrib name="value" value="8"/></item>
<item name="DIPB3" rev="2">
<attrib name="value" value="8"/></item>
<item name="DOB0" rev="2">
<attrib name="value" value="8"/></item>
<item name="ENA" rev="2">
<attrib name="value" value="8"/></item>
<item name="ENB" rev="2">
<attrib name="value" value="8"/></item>
<item name="REGCEA" rev="2">
<attrib name="value" value="8"/></item>
<item name="REGCEB" rev="2">
<attrib name="value" value="8"/></item>
<item name="RSTA" rev="2">
<attrib name="value" value="8"/></item>
<item name="RSTB" rev="2">
<attrib name="value" value="8"/></item>
<item name="WEA0" rev="2">
<attrib name="value" value="8"/></item>
<item name="WEA1" rev="2">
<attrib name="value" value="8"/></item>
<item name="WEA2" rev="2">
<attrib name="value" value="8"/></item>
<item name="WEA3" rev="2">
<attrib name="value" value="8"/></item>
<item name="WEB0" rev="2">
<attrib name="value" value="8"/></item>
<item name="WEB1" rev="2">
<attrib name="value" value="8"/></item>
<item name="WEB2" rev="2">
<attrib name="value" value="8"/></item>
<item name="WEB3" rev="2">
<attrib name="value" value="8"/></item>
</group>
<group name="CARRY4">
<item name="CIN" rev="2">
<attrib name="value" value="25"/></item>
<item name="CO2" rev="2">
<attrib name="value" value="4"/></item>
<item name="CO3" rev="2">
<attrib name="value" value="25"/></item>
<item name="CYINIT" rev="2">
<attrib name="value" value="16"/></item>
<item name="DI0" rev="2">
<attrib name="value" value="41"/></item>
<item name="DI1" rev="2">
<attrib name="value" value="38"/></item>
<item name="DI2" rev="2">
<attrib name="value" value="38"/></item>
<item name="DI3" rev="2">
<attrib name="value" value="25"/></item>
<item name="O0" rev="2">
<attrib name="value" value="31"/></item>
<item name="O1" rev="2">
<attrib name="value" value="33"/></item>
<item name="O2" rev="2">
<attrib name="value" value="30"/></item>
<item name="O3" rev="2">
<attrib name="value" value="30"/></item>
<item name="S0" rev="2">
<attrib name="value" value="41"/></item>
<item name="S1" rev="2">
<attrib name="value" value="41"/></item>
<item name="S2" rev="2">
<attrib name="value" value="38"/></item>
<item name="S3" rev="2">
<attrib name="value" value="34"/></item>
</group>
<group name="BUFIO2_BUFIO2">
<item name="DIVCLK" rev="2">
<attrib name="value" value="1"/></item>
<item name="I" rev="2">
<attrib name="value" value="1"/></item>
</group>
<group name="LUT5">
<item name="A1" rev="2">
<attrib name="value" value="4"/></item>
<item name="A2" rev="2">
<attrib name="value" value="4"/></item>
<item name="A3" rev="2">
<attrib name="value" value="25"/></item>
<item name="A4" rev="2">
<attrib name="value" value="32"/></item>
<item name="A5" rev="2">
<attrib name="value" value="19"/></item>
<item name="O5" rev="2">
<attrib name="value" value="129"/></item>
</group>
<group name="LUT6">
<item name="A1" rev="2">
<attrib name="value" value="41"/></item>
<item name="A2" rev="2">
<attrib name="value" value="81"/></item>
<item name="A3" rev="2">
<attrib name="value" value="99"/></item>
<item name="A4" rev="2">
<attrib name="value" value="242"/></item>
<item name="A5" rev="2">
<attrib name="value" value="203"/></item>
<item name="A6" rev="2">
<attrib name="value" value="263"/></item>
<item name="O6" rev="2">
<attrib name="value" value="268"/></item>
</group>
<group name="RAMB16BWER_RAMB16BWER">
<item name="ADDRA0" rev="2">
<attrib name="value" value="8"/></item>
<item name="ADDRA1" rev="2">
<attrib name="value" value="8"/></item>
<item name="ADDRA10" rev="2">
<attrib name="value" value="8"/></item>
<item name="ADDRA11" rev="2">
<attrib name="value" value="8"/></item>
<item name="ADDRA12" rev="2">
<attrib name="value" value="8"/></item>
<item name="ADDRA13" rev="2">
<attrib name="value" value="8"/></item>
<item name="ADDRA2" rev="2">
<attrib name="value" value="8"/></item>
<item name="ADDRA3" rev="2">
<attrib name="value" value="8"/></item>
<item name="ADDRA4" rev="2">
<attrib name="value" value="8"/></item>
<item name="ADDRA5" rev="2">
<attrib name="value" value="8"/></item>
<item name="ADDRA6" rev="2">
<attrib name="value" value="8"/></item>
<item name="ADDRA7" rev="2">
<attrib name="value" value="8"/></item>
<item name="ADDRA8" rev="2">
<attrib name="value" value="8"/></item>
<item name="ADDRA9" rev="2">
<attrib name="value" value="8"/></item>
<item name="ADDRB0" rev="2">
<attrib name="value" value="8"/></item>
<item name="ADDRB1" rev="2">
<attrib name="value" value="8"/></item>
<item name="ADDRB10" rev="2">
<attrib name="value" value="8"/></item>
<item name="ADDRB11" rev="2">
<attrib name="value" value="8"/></item>
<item name="ADDRB12" rev="2">
<attrib name="value" value="8"/></item>
<item name="ADDRB13" rev="2">
<attrib name="value" value="8"/></item>
<item name="ADDRB2" rev="2">
<attrib name="value" value="8"/></item>
<item name="ADDRB3" rev="2">
<attrib name="value" value="8"/></item>
<item name="ADDRB4" rev="2">
<attrib name="value" value="8"/></item>
<item name="ADDRB5" rev="2">
<attrib name="value" value="8"/></item>
<item name="ADDRB6" rev="2">
<attrib name="value" value="8"/></item>
<item name="ADDRB7" rev="2">
<attrib name="value" value="8"/></item>
<item name="ADDRB8" rev="2">
<attrib name="value" value="8"/></item>
<item name="ADDRB9" rev="2">
<attrib name="value" value="8"/></item>
<item name="CLKA" rev="2">
<attrib name="value" value="8"/></item>
<item name="CLKB" rev="2">
<attrib name="value" value="8"/></item>
<item name="DIA0" rev="2">
<attrib name="value" value="8"/></item>
<item name="DIA1" rev="2">
<attrib name="value" value="8"/></item>
<item name="DIA10" rev="2">
<attrib name="value" value="8"/></item>
<item name="DIA11" rev="2">
<attrib name="value" value="8"/></item>
<item name="DIA12" rev="2">
<attrib name="value" value="8"/></item>
<item name="DIA13" rev="2">
<attrib name="value" value="8"/></item>
<item name="DIA14" rev="2">
<attrib name="value" value="8"/></item>
<item name="DIA15" rev="2">
<attrib name="value" value="8"/></item>
<item name="DIA16" rev="2">
<attrib name="value" value="8"/></item>
<item name="DIA17" rev="2">
<attrib name="value" value="8"/></item>
<item name="DIA18" rev="2">
<attrib name="value" value="8"/></item>
<item name="DIA19" rev="2">
<attrib name="value" value="8"/></item>
<item name="DIA2" rev="2">
<attrib name="value" value="8"/></item>
<item name="DIA20" rev="2">
<attrib name="value" value="8"/></item>
<item name="DIA21" rev="2">
<attrib name="value" value="8"/></item>
<item name="DIA22" rev="2">
<attrib name="value" value="8"/></item>
<item name="DIA23" rev="2">
<attrib name="value" value="8"/></item>
<item name="DIA24" rev="2">
<attrib name="value" value="8"/></item>
<item name="DIA25" rev="2">
<attrib name="value" value="8"/></item>
<item name="DIA26" rev="2">
<attrib name="value" value="8"/></item>
<item name="DIA27" rev="2">
<attrib name="value" value="8"/></item>
<item name="DIA28" rev="2">
<attrib name="value" value="8"/></item>
<item name="DIA29" rev="2">
<attrib name="value" value="8"/></item>
<item name="DIA3" rev="2">
<attrib name="value" value="8"/></item>
<item name="DIA30" rev="2">
<attrib name="value" value="8"/></item>
<item name="DIA31" rev="2">
<attrib name="value" value="8"/></item>
<item name="DIA4" rev="2">
<attrib name="value" value="8"/></item>
<item name="DIA5" rev="2">
<attrib name="value" value="8"/></item>
<item name="DIA6" rev="2">
<attrib name="value" value="8"/></item>
<item name="DIA7" rev="2">
<attrib name="value" value="8"/></item>
<item name="DIA8" rev="2">
<attrib name="value" value="8"/></item>
<item name="DIA9" rev="2">
<attrib name="value" value="8"/></item>
<item name="DIB0" rev="2">
<attrib name="value" value="8"/></item>
<item name="DIB1" rev="2">
<attrib name="value" value="8"/></item>
<item name="DIB10" rev="2">
<attrib name="value" value="8"/></item>
<item name="DIB11" rev="2">
<attrib name="value" value="8"/></item>
<item name="DIB12" rev="2">
<attrib name="value" value="8"/></item>
<item name="DIB13" rev="2">
<attrib name="value" value="8"/></item>
<item name="DIB14" rev="2">
<attrib name="value" value="8"/></item>
<item name="DIB15" rev="2">
<attrib name="value" value="8"/></item>
<item name="DIB16" rev="2">
<attrib name="value" value="8"/></item>
<item name="DIB17" rev="2">
<attrib name="value" value="8"/></item>
<item name="DIB18" rev="2">
<attrib name="value" value="8"/></item>
<item name="DIB19" rev="2">
<attrib name="value" value="8"/></item>
<item name="DIB2" rev="2">
<attrib name="value" value="8"/></item>
<item name="DIB20" rev="2">
<attrib name="value" value="8"/></item>
<item name="DIB21" rev="2">
<attrib name="value" value="8"/></item>
<item name="DIB22" rev="2">
<attrib name="value" value="8"/></item>
<item name="DIB23" rev="2">
<attrib name="value" value="8"/></item>
<item name="DIB24" rev="2">
<attrib name="value" value="8"/></item>
<item name="DIB25" rev="2">
<attrib name="value" value="8"/></item>
<item name="DIB26" rev="2">
<attrib name="value" value="8"/></item>
<item name="DIB27" rev="2">
<attrib name="value" value="8"/></item>
<item name="DIB28" rev="2">
<attrib name="value" value="8"/></item>
<item name="DIB29" rev="2">
<attrib name="value" value="8"/></item>
<item name="DIB3" rev="2">
<attrib name="value" value="8"/></item>
<item name="DIB30" rev="2">
<attrib name="value" value="8"/></item>
<item name="DIB31" rev="2">
<attrib name="value" value="8"/></item>
<item name="DIB4" rev="2">
<attrib name="value" value="8"/></item>
<item name="DIB5" rev="2">
<attrib name="value" value="8"/></item>
<item name="DIB6" rev="2">
<attrib name="value" value="8"/></item>
<item name="DIB7" rev="2">
<attrib name="value" value="8"/></item>
<item name="DIB8" rev="2">
<attrib name="value" value="8"/></item>
<item name="DIB9" rev="2">
<attrib name="value" value="8"/></item>
<item name="DIPA0" rev="2">
<attrib name="value" value="8"/></item>
<item name="DIPA1" rev="2">
<attrib name="value" value="8"/></item>
<item name="DIPA2" rev="2">
<attrib name="value" value="8"/></item>
<item name="DIPA3" rev="2">
<attrib name="value" value="8"/></item>
<item name="DIPB0" rev="2">
<attrib name="value" value="8"/></item>
<item name="DIPB1" rev="2">
<attrib name="value" value="8"/></item>
<item name="DIPB2" rev="2">
<attrib name="value" value="8"/></item>
<item name="DIPB3" rev="2">
<attrib name="value" value="8"/></item>
<item name="DOB0" rev="2">
<attrib name="value" value="8"/></item>
<item name="ENA" rev="2">
<attrib name="value" value="8"/></item>
<item name="ENB" rev="2">
<attrib name="value" value="8"/></item>
<item name="REGCEA" rev="2">
<attrib name="value" value="8"/></item>
<item name="REGCEB" rev="2">
<attrib name="value" value="8"/></item>
<item name="RSTA" rev="2">
<attrib name="value" value="8"/></item>
<item name="RSTB" rev="2">
<attrib name="value" value="8"/></item>
<item name="WEA0" rev="2">
<attrib name="value" value="8"/></item>
<item name="WEA1" rev="2">
<attrib name="value" value="8"/></item>
<item name="WEA2" rev="2">
<attrib name="value" value="8"/></item>
<item name="WEA3" rev="2">
<attrib name="value" value="8"/></item>
<item name="WEB0" rev="2">
<attrib name="value" value="8"/></item>
<item name="WEB1" rev="2">
<attrib name="value" value="8"/></item>
<item name="WEB2" rev="2">
<attrib name="value" value="8"/></item>
<item name="WEB3" rev="2">
<attrib name="value" value="8"/></item>
</group>
<group name="SELMUX2_1">
<item name="0" rev="2">
<attrib name="value" value="8"/></item>
<item name="1" rev="2">
<attrib name="value" value="8"/></item>
<item name="OUT" rev="2">
<attrib name="value" value="8"/></item>
<item name="S0" rev="2">
<attrib name="value" value="8"/></item>
</group>
<group name="INVERTER">
<item name="IN" rev="2">
<attrib name="value" value="1"/></item>
<item name="OUT" rev="2">
<attrib name="value" value="1"/></item>
</group>
<group name="IOB_IMUX">
<item name="I" rev="2">
<attrib name="value" value="12"/></item>
<item name="I_B" rev="2">
<attrib name="value" value="1"/></item>
<item name="OUT" rev="2">
<attrib name="value" value="13"/></item>
</group>
<group name="IOB">
<item name="DIFFI_IN" rev="2">
<attrib name="value" value="8"/></item>
<item name="I" rev="2">
<attrib name="value" value="13"/></item>
<item name="O" rev="2">
<attrib name="value" value="24"/></item>
<item name="PAD" rev="2">
<attrib name="value" value="45"/></item>
<item name="PADOUT" rev="2">
<attrib name="value" value="8"/></item>
</group>
<group name="HARD0">
<item name="0" rev="2">
<attrib name="value" value="4"/></item>
</group>
<group name="HARD1">
<item name="1" rev="2">
<attrib name="value" value="4"/></item>
</group>
<group name="FF_SR">
<item name="CE" rev="2">
<attrib name="value" value="10"/></item>
<item name="CK" rev="2">
<attrib name="value" value="32"/></item>
<item name="D" rev="2">
<attrib name="value" value="32"/></item>
<item name="Q" rev="2">
<attrib name="value" value="32"/></item>
<item name="SR" rev="2">
<attrib name="value" value="30"/></item>
</group>
<group name="BUFG">
<item name="I0" rev="2">
<attrib name="value" value="4"/></item>
<item name="O" rev="2">
<attrib name="value" value="4"/></item>
</group>
</ReportPinData>
<CmdHistory>
</CmdHistory>
</DeviceUsageSummary>
