<?xml version="1.0" encoding="UTF-8"?>
<!-- IMPORTANT: This is an internal file that has been generated
     by the Xilinx ISE software.  Any direct editing or
     changes made to this file may result in unpredictable
     behavior or data corruption.  It is strongly advised that
     users do not edit the contents of this file. -->
<DeviceUsageSummary rev="50">
<DesignStatistics TimeStamp="Fri Apr 10 19:02:53 2015"><group name="NetStatistics">
<item name="NumNets_Active" rev="50">
<attrib name="value" value="399"/></item>
<item name="NumNets_Gnd" rev="50">
<attrib name="value" value="1"/></item>
<item name="NumNets_Vcc" rev="50">
<attrib name="value" value="1"/></item>
<item name="NumNodesOfType_Active_BOUNCEACROSS" rev="50">
<attrib name="value" value="8"/></item>
<item name="NumNodesOfType_Active_BOUNCEIN" rev="50">
<attrib name="value" value="75"/></item>
<item name="NumNodesOfType_Active_BUFGOUT" rev="50">
<attrib name="value" value="2"/></item>
<item name="NumNodesOfType_Active_BUFHINP2OUT" rev="50">
<attrib name="value" value="11"/></item>
<item name="NumNodesOfType_Active_BUFIOINP" rev="50">
<attrib name="value" value="2"/></item>
<item name="NumNodesOfType_Active_CLKPIN" rev="50">
<attrib name="value" value="76"/></item>
<item name="NumNodesOfType_Active_CLKPINFEED" rev="50">
<attrib name="value" value="19"/></item>
<item name="NumNodesOfType_Active_CNTRLPIN" rev="50">
<attrib name="value" value="107"/></item>
<item name="NumNodesOfType_Active_DOUBLE" rev="50">
<attrib name="value" value="651"/></item>
<item name="NumNodesOfType_Active_GENERIC" rev="50">
<attrib name="value" value="52"/></item>
<item name="NumNodesOfType_Active_GLOBAL" rev="50">
<attrib name="value" value="63"/></item>
<item name="NumNodesOfType_Active_INPUT" rev="50">
<attrib name="value" value="325"/></item>
<item name="NumNodesOfType_Active_IOBIN2OUT" rev="50">
<attrib name="value" value="43"/></item>
<item name="NumNodesOfType_Active_IOBOUTPUT" rev="50">
<attrib name="value" value="35"/></item>
<item name="NumNodesOfType_Active_LUTINPUT" rev="50">
<attrib name="value" value="494"/></item>
<item name="NumNodesOfType_Active_OUTBOUND" rev="50">
<attrib name="value" value="337"/></item>
<item name="NumNodesOfType_Active_OUTPUT" rev="50">
<attrib name="value" value="341"/></item>
<item name="NumNodesOfType_Active_PADINPUT" rev="50">
<attrib name="value" value="30"/></item>
<item name="NumNodesOfType_Active_PADOUTPUT" rev="50">
<attrib name="value" value="20"/></item>
<item name="NumNodesOfType_Active_PINBOUNCE" rev="50">
<attrib name="value" value="281"/></item>
<item name="NumNodesOfType_Active_PINFEED" rev="50">
<attrib name="value" value="965"/></item>
<item name="NumNodesOfType_Active_PINFEED2" rev="50">
<attrib name="value" value="9"/></item>
<item name="NumNodesOfType_Active_QUAD" rev="50">
<attrib name="value" value="580"/></item>
<item name="NumNodesOfType_Active_REGINPUT" rev="50">
<attrib name="value" value="120"/></item>
<item name="NumNodesOfType_Active_SINGLE" rev="50">
<attrib name="value" value="750"/></item>
<item name="NumNodesOfType_Gnd_BOUNCEACROSS" rev="50">
<attrib name="value" value="2"/></item>
<item name="NumNodesOfType_Gnd_BOUNCEIN" rev="50">
<attrib name="value" value="86"/></item>
<item name="NumNodesOfType_Gnd_CLKPIN" rev="50">
<attrib name="value" value="1"/></item>
<item name="NumNodesOfType_Gnd_CNTRLPIN" rev="50">
<attrib name="value" value="3"/></item>
<item name="NumNodesOfType_Gnd_HGNDOUT" rev="50">
<attrib name="value" value="36"/></item>
<item name="NumNodesOfType_Gnd_INPUT" rev="50">
<attrib name="value" value="624"/></item>
<item name="NumNodesOfType_Gnd_OUTBOUND" rev="50">
<attrib name="value" value="3"/></item>
<item name="NumNodesOfType_Gnd_OUTPUT" rev="50">
<attrib name="value" value="3"/></item>
<item name="NumNodesOfType_Gnd_PINBOUNCE" rev="50">
<attrib name="value" value="185"/></item>
<item name="NumNodesOfType_Gnd_PINFEED" rev="50">
<attrib name="value" value="564"/></item>
<item name="NumNodesOfType_Gnd_REGINPUT" rev="50">
<attrib name="value" value="6"/></item>
<item name="NumNodesOfType_Gnd_SINGLE" rev="50">
<attrib name="value" value="4"/></item>
<item name="NumNodesOfType_Vcc_GENERIC" rev="50">
<attrib name="value" value="2"/></item>
<item name="NumNodesOfType_Vcc_HVCCOUT" rev="50">
<attrib name="value" value="37"/></item>
<item name="NumNodesOfType_Vcc_IOBIN2OUT" rev="50">
<attrib name="value" value="2"/></item>
<item name="NumNodesOfType_Vcc_IOBOUTPUT" rev="50">
<attrib name="value" value="2"/></item>
<item name="NumNodesOfType_Vcc_LUTINPUT" rev="50">
<attrib name="value" value="108"/></item>
<item name="NumNodesOfType_Vcc_PADINPUT" rev="50">
<attrib name="value" value="2"/></item>
<item name="NumNodesOfType_Vcc_PINFEED" rev="50">
<attrib name="value" value="110"/></item>
</group>
<group name="SiteStatistics">
<item name="BUFG-BUFGMUX" rev="50">
<attrib name="value" value="2"/></item>
<item name="IOB-IOBM" rev="50">
<attrib name="value" value="21"/></item>
<item name="IOB-IOBS" rev="50">
<attrib name="value" value="23"/></item>
<item name="SLICEL-SLICEM" rev="50">
<attrib name="value" value="25"/></item>
<item name="SLICEX-SLICEM" rev="50">
<attrib name="value" value="33"/></item>
</group>
<group name="MiscellaneousStatistics">
<item name="AGG_BONDED_IO" rev="49">
<attrib name="value" value="44"/></item>
<item name="AGG_IO" rev="49">
<attrib name="value" value="44"/></item>
<item name="AGG_LOCED_IO" rev="49">
<attrib name="value" value="44"/></item>
<item name="AGG_SLICE" rev="49">
<attrib name="value" value="91"/></item>
<item name="NUM_BONDED_IOB" rev="49">
<attrib name="value" value="44"/></item>
<item name="NUM_BSFULL" rev="49">
<attrib name="value" value="115"/></item>
<item name="NUM_BSLUTONLY" rev="49">
<attrib name="value" value="58"/></item>
<item name="NUM_BSREGONLY" rev="49">
<attrib name="value" value="115"/></item>
<item name="NUM_BSUSED" rev="49">
<attrib name="value" value="288"/></item>
<item name="NUM_BUFG" rev="49">
<attrib name="value" value="2"/></item>
<item name="NUM_BUFIO2" rev="49">
<attrib name="value" value="1"/></item>
<item name="NUM_BUFIO2FB" rev="49">
<attrib name="value" value="1"/></item>
<item name="NUM_DCM" rev="49">
<attrib name="value" value="1"/></item>
<item name="NUM_ILOGIC2" rev="49">
<attrib name="value" value="8"/></item>
<item name="NUM_IOB_FF" rev="49">
<attrib name="value" value="8"/></item>
<item name="NUM_LOCED_IOB" rev="49">
<attrib name="value" value="44"/></item>
<item name="NUM_LOGIC_O5ANDO6" rev="49">
<attrib name="value" value="51"/></item>
<item name="NUM_LOGIC_O5ONLY" rev="49">
<attrib name="value" value="56"/></item>
<item name="NUM_LOGIC_O6ONLY" rev="49">
<attrib name="value" value="57"/></item>
<item name="NUM_LUT_RT_DRIVES_CARRY4" rev="49">
<attrib name="value" value="4"/></item>
<item name="NUM_LUT_RT_DRIVES_FLOP" rev="49">
<attrib name="value" value="5"/></item>
<item name="NUM_LUT_RT_EXO5" rev="49">
<attrib name="value" value="5"/></item>
<item name="NUM_LUT_RT_EXO6" rev="49">
<attrib name="value" value="4"/></item>
<item name="NUM_LUT_RT_O5" rev="49">
<attrib name="value" value="1"/></item>
<item name="NUM_LUT_RT_O6" rev="49">
<attrib name="value" value="56"/></item>
<item name="NUM_RAMB16BWER" rev="49">
<attrib name="value" value="8"/></item>
<item name="NUM_SLICEL" rev="49">
<attrib name="value" value="25"/></item>
<item name="NUM_SLICEX" rev="49">
<attrib name="value" value="66"/></item>
<item name="NUM_SLICE_CARRY4" rev="49">
<attrib name="value" value="25"/></item>
<item name="NUM_SLICE_CONTROLSET" rev="49">
<attrib name="value" value="20"/></item>
<item name="NUM_SLICE_CYINIT" rev="49">
<attrib name="value" value="289"/></item>
<item name="NUM_SLICE_FF" rev="49">
<attrib name="value" value="254"/></item>
<item name="NUM_SLICE_UNUSEDCTRL" rev="49">
<attrib name="value" value="15"/></item>
<item name="NUM_UNUSABLE_FF_BELS" rev="49">
<attrib name="value" value="74"/></item>
<item name="Xilinx Core fifo_generator_v9_3, Xilinx CORE Generator 14.7" rev="49">
<attrib name="value" value="1"/></item>
</group>
</DesignStatistics>
<DeviceUsage TimeStamp="Fri Apr 10 19:02:53 2015"><group name="SiteSummary">
<item name="BUFG" rev="50">
<attrib name="total" value="1000000"/><attrib name="used" value="2"/></item>
<item name="BUFG_BUFG" rev="50">
<attrib name="total" value="1000000"/><attrib name="used" value="2"/></item>
<item name="BUFIO2" rev="50">
<attrib name="total" value="1000000"/><attrib name="used" value="1"/></item>
<item name="BUFIO2FB" rev="50">
<attrib name="total" value="1000000"/><attrib name="used" value="1"/></item>
<item name="BUFIO2FB_BUFIO2FB" rev="50">
<attrib name="total" value="1000000"/><attrib name="used" value="1"/></item>
<item name="BUFIO2_BUFIO2" rev="50">
<attrib name="total" value="1000000"/><attrib name="used" value="1"/></item>
<item name="CARRY4" rev="50">
<attrib name="total" value="1000000"/><attrib name="used" value="25"/></item>
<item name="DCM" rev="50">
<attrib name="total" value="1000000"/><attrib name="used" value="1"/></item>
<item name="DCM_DCM" rev="50">
<attrib name="total" value="1000000"/><attrib name="used" value="1"/></item>
<item name="FF_SR" rev="50">
<attrib name="total" value="1000000"/><attrib name="used" value="25"/></item>
<item name="HARD0" rev="50">
<attrib name="total" value="1000000"/><attrib name="used" value="12"/></item>
<item name="HARD1" rev="50">
<attrib name="total" value="1000000"/><attrib name="used" value="4"/></item>
<item name="ILOGIC2" rev="50">
<attrib name="total" value="1000000"/><attrib name="used" value="8"/></item>
<item name="ILOGIC2_IFF" rev="50">
<attrib name="total" value="1000000"/><attrib name="used" value="8"/></item>
<item name="INVERTER" rev="50">
<attrib name="total" value="1000000"/><attrib name="used" value="2"/></item>
<item name="IOB" rev="50">
<attrib name="total" value="1000000"/><attrib name="used" value="44"/></item>
<item name="IOB_IMUX" rev="50">
<attrib name="total" value="1000000"/><attrib name="used" value="12"/></item>
<item name="IOB_INBUF" rev="50">
<attrib name="total" value="1000000"/><attrib name="used" value="12"/></item>
<item name="IOB_OUTBUF" rev="50">
<attrib name="total" value="1000000"/><attrib name="used" value="24"/></item>
<item name="LUT5" rev="50">
<attrib name="total" value="1000000"/><attrib name="used" value="113"/></item>
<item name="LUT6" rev="50">
<attrib name="total" value="1000000"/><attrib name="used" value="168"/></item>
<item name="NULLMUX" rev="50">
<attrib name="total" value="1000000"/><attrib name="used" value="8"/></item>
<item name="PAD" rev="50">
<attrib name="total" value="1000000"/><attrib name="used" value="44"/></item>
<item name="RAMB16BWER" rev="50">
<attrib name="total" value="1000000"/><attrib name="used" value="8"/></item>
<item name="RAMB16BWER_RAMB16BWER" rev="50">
<attrib name="total" value="1000000"/><attrib name="used" value="8"/></item>
<item name="REG_SR" rev="50">
<attrib name="total" value="1000000"/><attrib name="used" value="229"/></item>
<item name="SELMUX2_1" rev="50">
<attrib name="total" value="1000000"/><attrib name="used" value="8"/></item>
<item name="SLICEL" rev="50">
<attrib name="total" value="1000000"/><attrib name="used" value="25"/></item>
<item name="SLICEX" rev="50">
<attrib name="total" value="1000000"/><attrib name="used" value="66"/></item>
</group>
</DeviceUsage>
<ReportConfigData TimeStamp="Fri Apr 10 19:02:53 2015"><group name="REG_SR">
<item name="CK" rev="50">
<attrib name="CK" value="229"/><attrib name="CK_INV" value="0"/></item>
<item name="LATCH_OR_FF" rev="50">
<attrib name="FF" value="229"/></item>
<item name="SRINIT" rev="50">
<attrib name="SRINIT0" value="206"/><attrib name="SRINIT1" value="23"/></item>
<item name="SYNC_ATTR" rev="50">
<attrib name="ASYNC" value="176"/><attrib name="SYNC" value="53"/></item>
</group>
<group name="SLICEL">
<item name="CLK" rev="50">
<attrib name="CLK" value="17"/><attrib name="CLK_INV" value="0"/></item>
</group>
<group name="IOB_OUTBUF">
<item name="DRIVEATTRBOX" rev="50">
<attrib name="24" value="24"/></item>
<item name="SLEW" rev="50">
<attrib name="FAST" value="24"/></item>
<item name="SUSPEND" rev="50">
<attrib name="3STATE" value="24"/></item>
</group>
<group name="SLICEX">
<item name="CLK" rev="50">
<attrib name="CLK" value="59"/><attrib name="CLK_INV" value="0"/></item>
</group>
<group name="ILOGIC2_IFF">
<item name="CLK0" rev="50">
<attrib name="CLK0_INV" value="0"/><attrib name="CLK0" value="8"/></item>
<item name="IFFTYPE" rev="50">
<attrib name="FF" value="8"/></item>
<item name="SRINIT_Q" rev="50">
<attrib name="0" value="8"/></item>
<item name="SRTYPE_Q" rev="50">
<attrib name="SYNC" value="8"/></item>
</group>
<group name="BUFIO2FB_BUFIO2FB">
<item name="DIVIDE_BYPASS" rev="50">
<attrib name="TRUE" value="1"/></item>
<item name="INVERT_INPUTS" rev="50">
<attrib name="FALSE" value="1"/></item>
</group>
<group name="IOB_INBUF">
<item name="DIFF_TERM" rev="50">
<attrib name="FALSE" value="8"/></item>
</group>
<group name="OLOGIC2">
<item name="CLK0" rev="19">
<attrib name="CLK0_INV" value="0"/><attrib name="CLK0" value="1"/></item>
</group>
<group name="RAMB16BWER">
<item name="CLKA" rev="50">
<attrib name="CLKA_INV" value="0"/><attrib name="CLKA" value="8"/></item>
<item name="CLKB" rev="50">
<attrib name="CLKB_INV" value="0"/><attrib name="CLKB" value="8"/></item>
<item name="ENA" rev="50">
<attrib name="ENA_INV" value="0"/><attrib name="ENA" value="8"/></item>
<item name="ENB" rev="50">
<attrib name="ENB_INV" value="0"/><attrib name="ENB" value="8"/></item>
<item name="REGCEA" rev="50">
<attrib name="REGCEA_INV" value="0"/><attrib name="REGCEA" value="8"/></item>
<item name="REGCEB" rev="50">
<attrib name="REGCEB_INV" value="0"/><attrib name="REGCEB" value="8"/></item>
<item name="RSTA" rev="50">
<attrib name="RSTA" value="8"/><attrib name="RSTA_INV" value="0"/></item>
<item name="RSTB" rev="50">
<attrib name="RSTB" value="8"/><attrib name="RSTB_INV" value="0"/></item>
<item name="WEA0" rev="50">
<attrib name="WEA0" value="8"/><attrib name="WEA0_INV" value="0"/></item>
<item name="WEA1" rev="50">
<attrib name="WEA1" value="8"/><attrib name="WEA1_INV" value="0"/></item>
<item name="WEA2" rev="50">
<attrib name="WEA2" value="8"/><attrib name="WEA2_INV" value="0"/></item>
<item name="WEA3" rev="50">
<attrib name="WEA3_INV" value="0"/><attrib name="WEA3" value="8"/></item>
<item name="WEB0" rev="50">
<attrib name="WEB0" value="8"/><attrib name="WEB0_INV" value="0"/></item>
<item name="WEB1" rev="50">
<attrib name="WEB1" value="8"/><attrib name="WEB1_INV" value="0"/></item>
<item name="WEB2" rev="50">
<attrib name="WEB2_INV" value="0"/><attrib name="WEB2" value="8"/></item>
<item name="WEB3" rev="50">
<attrib name="WEB3" value="8"/><attrib name="WEB3_INV" value="0"/></item>
</group>
<group name="BUFIO2_BUFIO2">
<item name="DIVIDE" rev="50">
<attrib name="1" value="1"/></item>
<item name="DIVIDE_BYPASS" rev="50">
<attrib name="TRUE" value="1"/></item>
<item name="I_INVERT" rev="50">
<attrib name="FALSE" value="1"/></item>
</group>
<group name="OLOGIC2_OUTFF">
<item name="CK0" rev="19">
<attrib name="CK0_INV" value="0"/><attrib name="CK0" value="1"/></item>
<item name="OUTFFTYPE" rev="19">
<attrib name="FF" value="1"/></item>
<item name="SRINIT_OQ" rev="19">
<attrib name="0" value="1"/></item>
<item name="SRTYPE_OQ" rev="19">
<attrib name="SYNC" value="1"/></item>
</group>
<group name="RAMB16BWER_RAMB16BWER">
<item name="CLKA" rev="50">
<attrib name="CLKA_INV" value="0"/><attrib name="CLKA" value="8"/></item>
<item name="CLKB" rev="50">
<attrib name="CLKB_INV" value="0"/><attrib name="CLKB" value="8"/></item>
<item name="DATA_WIDTH_A" rev="50">
<attrib name="1" value="8"/></item>
<item name="DATA_WIDTH_B" rev="50">
<attrib name="1" value="8"/></item>
<item name="DOA_REG" rev="50">
<attrib name="0" value="8"/></item>
<item name="DOB_REG" rev="50">
<attrib name="0" value="8"/></item>
<item name="ENA" rev="50">
<attrib name="ENA_INV" value="0"/><attrib name="ENA" value="8"/></item>
<item name="ENB" rev="50">
<attrib name="ENB_INV" value="0"/><attrib name="ENB" value="8"/></item>
<item name="EN_RSTRAM_A" rev="50">
<attrib name="FALSE" value="8"/></item>
<item name="EN_RSTRAM_B" rev="50">
<attrib name="TRUE" value="8"/></item>
<item name="RAM_MODE" rev="50">
<attrib name="TDP" value="8"/></item>
<item name="REGCEA" rev="50">
<attrib name="REGCEA_INV" value="0"/><attrib name="REGCEA" value="8"/></item>
<item name="REGCEB" rev="50">
<attrib name="REGCEB_INV" value="0"/><attrib name="REGCEB" value="8"/></item>
<item name="RSTA" rev="50">
<attrib name="RSTA" value="8"/><attrib name="RSTA_INV" value="0"/></item>
<item name="RSTB" rev="50">
<attrib name="RSTB" value="8"/><attrib name="RSTB_INV" value="0"/></item>
<item name="RSTTYPE" rev="50">
<attrib name="SYNC" value="8"/></item>
<item name="RST_PRIORITY_A" rev="50">
<attrib name="CE" value="8"/></item>
<item name="RST_PRIORITY_B" rev="50">
<attrib name="CE" value="8"/></item>
<item name="WEA0" rev="50">
<attrib name="WEA0" value="8"/><attrib name="WEA0_INV" value="0"/></item>
<item name="WEA1" rev="50">
<attrib name="WEA1" value="8"/><attrib name="WEA1_INV" value="0"/></item>
<item name="WEA2" rev="50">
<attrib name="WEA2" value="8"/><attrib name="WEA2_INV" value="0"/></item>
<item name="WEA3" rev="50">
<attrib name="WEA3_INV" value="0"/><attrib name="WEA3" value="8"/></item>
<item name="WEB0" rev="50">
<attrib name="WEB0" value="8"/><attrib name="WEB0_INV" value="0"/></item>
<item name="WEB1" rev="50">
<attrib name="WEB1" value="8"/><attrib name="WEB1_INV" value="0"/></item>
<item name="WEB2" rev="50">
<attrib name="WEB2_INV" value="0"/><attrib name="WEB2" value="8"/></item>
<item name="WEB3" rev="50">
<attrib name="WEB3" value="8"/><attrib name="WEB3_INV" value="0"/></item>
<item name="WRITE_MODE_A" rev="50">
<attrib name="WRITE_FIRST" value="8"/></item>
<item name="WRITE_MODE_B" rev="50">
<attrib name="WRITE_FIRST" value="8"/></item>
</group>
<group name="ILOGIC2">
<item name="CLK0" rev="50">
<attrib name="CLK0_INV" value="0"/><attrib name="CLK0" value="8"/></item>
</group>
<group name="DCM_DCM">
<item name="CLKDV_DIVIDE" rev="50">
<attrib name="2.0" value="1"/></item>
<item name="CLKIN_DIVIDE_BY_2" rev="50">
<attrib name="FALSE" value="1"/></item>
<item name="CLKOUT_PHASE_SHIFT" rev="50">
<attrib name="NONE" value="1"/></item>
<item name="CLK_FEEDBACK" rev="50">
<attrib name="1X" value="1"/></item>
<item name="DESKEW_ADJUST" rev="50">
<attrib name="5" value="1"/></item>
<item name="DFS_FREQUENCY_MODE" rev="50">
<attrib name="LOW" value="1"/></item>
<item name="DLL_FREQUENCY_MODE" rev="50">
<attrib name="LOW" value="1"/></item>
<item name="DSS_MODE" rev="50">
<attrib name="NONE" value="1"/></item>
<item name="DUTY_CYCLE_CORRECTION" rev="50">
<attrib name="TRUE" value="1"/></item>
<item name="PSCLK" rev="50">
<attrib name="PSCLK_INV" value="0"/><attrib name="PSCLK" value="1"/></item>
<item name="PSEN" rev="50">
<attrib name="PSEN_INV" value="0"/><attrib name="PSEN" value="1"/></item>
<item name="PSINCDEC" rev="50">
<attrib name="PSINCDEC" value="1"/><attrib name="PSINCDEC_INV" value="0"/></item>
<item name="RST" rev="50">
<attrib name="RST" value="1"/><attrib name="RST_INV" value="0"/></item>
<item name="STARTUP_WAIT" rev="50">
<attrib name="FALSE" value="1"/></item>
<item name="VERY_HIGH_FREQUENCY" rev="50">
<attrib name="FALSE" value="1"/></item>
</group>
<group name="FF_SR">
<item name="CK" rev="50">
<attrib name="CK" value="25"/><attrib name="CK_INV" value="0"/></item>
<item name="SRINIT" rev="50">
<attrib name="SRINIT0" value="24"/><attrib name="SRINIT1" value="1"/></item>
<item name="SYNC_ATTR" rev="50">
<attrib name="ASYNC" value="24"/><attrib name="SYNC" value="1"/></item>
</group>
<group name="DCM">
<item name="PSCLK" rev="50">
<attrib name="PSCLK_INV" value="0"/><attrib name="PSCLK" value="1"/></item>
<item name="PSEN" rev="50">
<attrib name="PSEN_INV" value="0"/><attrib name="PSEN" value="1"/></item>
<item name="PSINCDEC" rev="50">
<attrib name="PSINCDEC" value="1"/><attrib name="PSINCDEC_INV" value="0"/></item>
<item name="RST" rev="50">
<attrib name="RST" value="1"/><attrib name="RST_INV" value="0"/></item>
</group>
</ReportConfigData>
<ReportPinData TimeStamp="Fri Apr 10 19:02:53 2015"><group name="BUFIO2">
<item name="DIVCLK" rev="50">
<attrib name="value" value="1"/></item>
<item name="I" rev="50">
<attrib name="value" value="1"/></item>
</group>
<group name="NULLMUX">
<item name="0" rev="50">
<attrib name="value" value="8"/></item>
<item name="OUT" rev="50">
<attrib name="value" value="8"/></item>
</group>
<group name="REG_SR">
<item name="CE" rev="50">
<attrib name="value" value="87"/></item>
<item name="CK" rev="50">
<attrib name="value" value="229"/></item>
<item name="D" rev="50">
<attrib name="value" value="229"/></item>
<item name="Q" rev="50">
<attrib name="value" value="229"/></item>
<item name="SR" rev="50">
<attrib name="value" value="225"/></item>
</group>
<group name="SLICEL">
<item name="A2" rev="50">
<attrib name="value" value="8"/></item>
<item name="A3" rev="50">
<attrib name="value" value="8"/></item>
<item name="A4" rev="50">
<attrib name="value" value="23"/></item>
<item name="A5" rev="50">
<attrib name="value" value="10"/></item>
<item name="A6" rev="50">
<attrib name="value" value="25"/></item>
<item name="AQ" rev="50">
<attrib name="value" value="16"/></item>
<item name="AX" rev="50">
<attrib name="value" value="1"/></item>
<item name="B2" rev="50">
<attrib name="value" value="8"/></item>
<item name="B3" rev="50">
<attrib name="value" value="8"/></item>
<item name="B4" rev="50">
<attrib name="value" value="25"/></item>
<item name="B5" rev="50">
<attrib name="value" value="8"/></item>
<item name="B6" rev="50">
<attrib name="value" value="22"/></item>
<item name="BQ" rev="50">
<attrib name="value" value="17"/></item>
<item name="C2" rev="50">
<attrib name="value" value="8"/></item>
<item name="C3" rev="50">
<attrib name="value" value="8"/></item>
<item name="C4" rev="50">
<attrib name="value" value="22"/></item>
<item name="C5" rev="50">
<attrib name="value" value="8"/></item>
<item name="C6" rev="50">
<attrib name="value" value="22"/></item>
<item name="CE" rev="50">
<attrib name="value" value="10"/></item>
<item name="CIN" rev="50">
<attrib name="value" value="17"/></item>
<item name="CLK" rev="50">
<attrib name="value" value="17"/></item>
<item name="CMUX" rev="50">
<attrib name="value" value="4"/></item>
<item name="COUT" rev="50">
<attrib name="value" value="17"/></item>
<item name="CQ" rev="50">
<attrib name="value" value="15"/></item>
<item name="CX" rev="50">
<attrib name="value" value="1"/></item>
<item name="D2" rev="50">
<attrib name="value" value="4"/></item>
<item name="D3" rev="50">
<attrib name="value" value="4"/></item>
<item name="D4" rev="50">
<attrib name="value" value="18"/></item>
<item name="D5" rev="50">
<attrib name="value" value="4"/></item>
<item name="D6" rev="50">
<attrib name="value" value="17"/></item>
<item name="DQ" rev="50">
<attrib name="value" value="15"/></item>
<item name="DX" rev="50">
<attrib name="value" value="1"/></item>
<item name="SR" rev="50">
<attrib name="value" value="17"/></item>
</group>
<group name="IOB_OUTBUF">
<item name="IN" rev="50">
<attrib name="value" value="24"/></item>
<item name="OUT" rev="50">
<attrib name="value" value="24"/></item>
</group>
<group name="SLICEX">
<item name="A" rev="50">
<attrib name="value" value="9"/></item>
<item name="A1" rev="50">
<attrib name="value" value="10"/></item>
<item name="A2" rev="50">
<attrib name="value" value="13"/></item>
<item name="A3" rev="50">
<attrib name="value" value="23"/></item>
<item name="A4" rev="50">
<attrib name="value" value="24"/></item>
<item name="A5" rev="50">
<attrib name="value" value="27"/></item>
<item name="A6" rev="50">
<attrib name="value" value="28"/></item>
<item name="AMUX" rev="50">
<attrib name="value" value="10"/></item>
<item name="AQ" rev="50">
<attrib name="value" value="52"/></item>
<item name="AX" rev="50">
<attrib name="value" value="33"/></item>
<item name="B" rev="50">
<attrib name="value" value="12"/></item>
<item name="B1" rev="50">
<attrib name="value" value="6"/></item>
<item name="B2" rev="50">
<attrib name="value" value="8"/></item>
<item name="B3" rev="50">
<attrib name="value" value="13"/></item>
<item name="B4" rev="50">
<attrib name="value" value="16"/></item>
<item name="B5" rev="50">
<attrib name="value" value="19"/></item>
<item name="B6" rev="50">
<attrib name="value" value="19"/></item>
<item name="BMUX" rev="50">
<attrib name="value" value="7"/></item>
<item name="BQ" rev="50">
<attrib name="value" value="40"/></item>
<item name="BX" rev="50">
<attrib name="value" value="33"/></item>
<item name="C" rev="50">
<attrib name="value" value="4"/></item>
<item name="C1" rev="50">
<attrib name="value" value="6"/></item>
<item name="C2" rev="50">
<attrib name="value" value="7"/></item>
<item name="C3" rev="50">
<attrib name="value" value="15"/></item>
<item name="C4" rev="50">
<attrib name="value" value="15"/></item>
<item name="C5" rev="50">
<attrib name="value" value="18"/></item>
<item name="C6" rev="50">
<attrib name="value" value="18"/></item>
<item name="CE" rev="50">
<attrib name="value" value="15"/></item>
<item name="CLK" rev="50">
<attrib name="value" value="59"/></item>
<item name="CMUX" rev="50">
<attrib name="value" value="7"/></item>
<item name="CQ" rev="50">
<attrib name="value" value="40"/></item>
<item name="CX" rev="50">
<attrib name="value" value="26"/></item>
<item name="D" rev="50">
<attrib name="value" value="11"/></item>
<item name="D1" rev="50">
<attrib name="value" value="4"/></item>
<item name="D2" rev="50">
<attrib name="value" value="6"/></item>
<item name="D3" rev="50">
<attrib name="value" value="10"/></item>
<item name="D4" rev="50">
<attrib name="value" value="10"/></item>
<item name="D5" rev="50">
<attrib name="value" value="14"/></item>
<item name="D6" rev="50">
<attrib name="value" value="13"/></item>
<item name="DMUX" rev="50">
<attrib name="value" value="3"/></item>
<item name="DQ" rev="50">
<attrib name="value" value="34"/></item>
<item name="DX" rev="50">
<attrib name="value" value="31"/></item>
<item name="SR" rev="50">
<attrib name="value" value="57"/></item>
</group>
<group name="BUFG_BUFG">
<item name="I0" rev="50">
<attrib name="value" value="2"/></item>
<item name="O" rev="50">
<attrib name="value" value="2"/></item>
</group>
<group name="ILOGIC2_IFF">
<item name="CLK0" rev="50">
<attrib name="value" value="8"/></item>
<item name="D" rev="50">
<attrib name="value" value="8"/></item>
<item name="Q1" rev="50">
<attrib name="value" value="8"/></item>
<item name="SR" rev="50">
<attrib name="value" value="8"/></item>
</group>
<group name="PAD">
<item name="PAD" rev="50">
<attrib name="value" value="44"/></item>
</group>
<group name="BUFIO2FB">
<item name="I" rev="50">
<attrib name="value" value="1"/></item>
<item name="O" rev="50">
<attrib name="value" value="1"/></item>
</group>
<group name="BUFIO2FB_BUFIO2FB">
<item name="I" rev="50">
<attrib name="value" value="1"/></item>
<item name="O" rev="50">
<attrib name="value" value="1"/></item>
</group>
<group name="IOB_INBUF">
<item name="DIFFI_IN" rev="50">
<attrib name="value" value="8"/></item>
<item name="OUT" rev="50">
<attrib name="value" value="12"/></item>
<item name="PAD" rev="50">
<attrib name="value" value="12"/></item>
</group>
<group name="OLOGIC2">
<item name="CLK0" rev="19">
<attrib name="value" value="1"/></item>
<item name="D1" rev="19">
<attrib name="value" value="1"/></item>
<item name="OQ" rev="19">
<attrib name="value" value="1"/></item>
<item name="SR" rev="19">
<attrib name="value" value="1"/></item>
</group>
<group name="RAMB16BWER">
<item name="ADDRA0" rev="50">
<attrib name="value" value="8"/></item>
<item name="ADDRA1" rev="50">
<attrib name="value" value="8"/></item>
<item name="ADDRA10" rev="50">
<attrib name="value" value="8"/></item>
<item name="ADDRA11" rev="50">
<attrib name="value" value="8"/></item>
<item name="ADDRA12" rev="50">
<attrib name="value" value="8"/></item>
<item name="ADDRA13" rev="50">
<attrib name="value" value="8"/></item>
<item name="ADDRA2" rev="50">
<attrib name="value" value="8"/></item>
<item name="ADDRA3" rev="50">
<attrib name="value" value="8"/></item>
<item name="ADDRA4" rev="50">
<attrib name="value" value="8"/></item>
<item name="ADDRA5" rev="50">
<attrib name="value" value="8"/></item>
<item name="ADDRA6" rev="50">
<attrib name="value" value="8"/></item>
<item name="ADDRA7" rev="50">
<attrib name="value" value="8"/></item>
<item name="ADDRA8" rev="50">
<attrib name="value" value="8"/></item>
<item name="ADDRA9" rev="50">
<attrib name="value" value="8"/></item>
<item name="ADDRB0" rev="50">
<attrib name="value" value="8"/></item>
<item name="ADDRB1" rev="50">
<attrib name="value" value="8"/></item>
<item name="ADDRB10" rev="50">
<attrib name="value" value="8"/></item>
<item name="ADDRB11" rev="50">
<attrib name="value" value="8"/></item>
<item name="ADDRB12" rev="50">
<attrib name="value" value="8"/></item>
<item name="ADDRB13" rev="50">
<attrib name="value" value="8"/></item>
<item name="ADDRB2" rev="50">
<attrib name="value" value="8"/></item>
<item name="ADDRB3" rev="50">
<attrib name="value" value="8"/></item>
<item name="ADDRB4" rev="50">
<attrib name="value" value="8"/></item>
<item name="ADDRB5" rev="50">
<attrib name="value" value="8"/></item>
<item name="ADDRB6" rev="50">
<attrib name="value" value="8"/></item>
<item name="ADDRB7" rev="50">
<attrib name="value" value="8"/></item>
<item name="ADDRB8" rev="50">
<attrib name="value" value="8"/></item>
<item name="ADDRB9" rev="50">
<attrib name="value" value="8"/></item>
<item name="CLKA" rev="50">
<attrib name="value" value="8"/></item>
<item name="CLKB" rev="50">
<attrib name="value" value="8"/></item>
<item name="DIA0" rev="50">
<attrib name="value" value="8"/></item>
<item name="DIA1" rev="50">
<attrib name="value" value="8"/></item>
<item name="DIA10" rev="50">
<attrib name="value" value="8"/></item>
<item name="DIA11" rev="50">
<attrib name="value" value="8"/></item>
<item name="DIA12" rev="50">
<attrib name="value" value="8"/></item>
<item name="DIA13" rev="50">
<attrib name="value" value="8"/></item>
<item name="DIA14" rev="50">
<attrib name="value" value="8"/></item>
<item name="DIA15" rev="50">
<attrib name="value" value="8"/></item>
<item name="DIA16" rev="50">
<attrib name="value" value="8"/></item>
<item name="DIA17" rev="50">
<attrib name="value" value="8"/></item>
<item name="DIA18" rev="50">
<attrib name="value" value="8"/></item>
<item name="DIA19" rev="50">
<attrib name="value" value="8"/></item>
<item name="DIA2" rev="50">
<attrib name="value" value="8"/></item>
<item name="DIA20" rev="50">
<attrib name="value" value="8"/></item>
<item name="DIA21" rev="50">
<attrib name="value" value="8"/></item>
<item name="DIA22" rev="50">
<attrib name="value" value="8"/></item>
<item name="DIA23" rev="50">
<attrib name="value" value="8"/></item>
<item name="DIA24" rev="50">
<attrib name="value" value="8"/></item>
<item name="DIA25" rev="50">
<attrib name="value" value="8"/></item>
<item name="DIA26" rev="50">
<attrib name="value" value="8"/></item>
<item name="DIA27" rev="50">
<attrib name="value" value="8"/></item>
<item name="DIA28" rev="50">
<attrib name="value" value="8"/></item>
<item name="DIA29" rev="50">
<attrib name="value" value="8"/></item>
<item name="DIA3" rev="50">
<attrib name="value" value="8"/></item>
<item name="DIA30" rev="50">
<attrib name="value" value="8"/></item>
<item name="DIA31" rev="50">
<attrib name="value" value="8"/></item>
<item name="DIA4" rev="50">
<attrib name="value" value="8"/></item>
<item name="DIA5" rev="50">
<attrib name="value" value="8"/></item>
<item name="DIA6" rev="50">
<attrib name="value" value="8"/></item>
<item name="DIA7" rev="50">
<attrib name="value" value="8"/></item>
<item name="DIA8" rev="50">
<attrib name="value" value="8"/></item>
<item name="DIA9" rev="50">
<attrib name="value" value="8"/></item>
<item name="DIB0" rev="50">
<attrib name="value" value="8"/></item>
<item name="DIB1" rev="50">
<attrib name="value" value="8"/></item>
<item name="DIB10" rev="50">
<attrib name="value" value="8"/></item>
<item name="DIB11" rev="50">
<attrib name="value" value="8"/></item>
<item name="DIB12" rev="50">
<attrib name="value" value="8"/></item>
<item name="DIB13" rev="50">
<attrib name="value" value="8"/></item>
<item name="DIB14" rev="50">
<attrib name="value" value="8"/></item>
<item name="DIB15" rev="50">
<attrib name="value" value="8"/></item>
<item name="DIB16" rev="50">
<attrib name="value" value="8"/></item>
<item name="DIB17" rev="50">
<attrib name="value" value="8"/></item>
<item name="DIB18" rev="50">
<attrib name="value" value="8"/></item>
<item name="DIB19" rev="50">
<attrib name="value" value="8"/></item>
<item name="DIB2" rev="50">
<attrib name="value" value="8"/></item>
<item name="DIB20" rev="50">
<attrib name="value" value="8"/></item>
<item name="DIB21" rev="50">
<attrib name="value" value="8"/></item>
<item name="DIB22" rev="50">
<attrib name="value" value="8"/></item>
<item name="DIB23" rev="50">
<attrib name="value" value="8"/></item>
<item name="DIB24" rev="50">
<attrib name="value" value="8"/></item>
<item name="DIB25" rev="50">
<attrib name="value" value="8"/></item>
<item name="DIB26" rev="50">
<attrib name="value" value="8"/></item>
<item name="DIB27" rev="50">
<attrib name="value" value="8"/></item>
<item name="DIB28" rev="50">
<attrib name="value" value="8"/></item>
<item name="DIB29" rev="50">
<attrib name="value" value="8"/></item>
<item name="DIB3" rev="50">
<attrib name="value" value="8"/></item>
<item name="DIB30" rev="50">
<attrib name="value" value="8"/></item>
<item name="DIB31" rev="50">
<attrib name="value" value="8"/></item>
<item name="DIB4" rev="50">
<attrib name="value" value="8"/></item>
<item name="DIB5" rev="50">
<attrib name="value" value="8"/></item>
<item name="DIB6" rev="50">
<attrib name="value" value="8"/></item>
<item name="DIB7" rev="50">
<attrib name="value" value="8"/></item>
<item name="DIB8" rev="50">
<attrib name="value" value="8"/></item>
<item name="DIB9" rev="50">
<attrib name="value" value="8"/></item>
<item name="DIPA0" rev="50">
<attrib name="value" value="8"/></item>
<item name="DIPA1" rev="50">
<attrib name="value" value="8"/></item>
<item name="DIPA2" rev="50">
<attrib name="value" value="8"/></item>
<item name="DIPA3" rev="50">
<attrib name="value" value="8"/></item>
<item name="DIPB0" rev="50">
<attrib name="value" value="8"/></item>
<item name="DIPB1" rev="50">
<attrib name="value" value="8"/></item>
<item name="DIPB2" rev="50">
<attrib name="value" value="8"/></item>
<item name="DIPB3" rev="50">
<attrib name="value" value="8"/></item>
<item name="DOB0" rev="50">
<attrib name="value" value="8"/></item>
<item name="ENA" rev="50">
<attrib name="value" value="8"/></item>
<item name="ENB" rev="50">
<attrib name="value" value="8"/></item>
<item name="REGCEA" rev="50">
<attrib name="value" value="8"/></item>
<item name="REGCEB" rev="50">
<attrib name="value" value="8"/></item>
<item name="RSTA" rev="50">
<attrib name="value" value="8"/></item>
<item name="RSTB" rev="50">
<attrib name="value" value="8"/></item>
<item name="WEA0" rev="50">
<attrib name="value" value="8"/></item>
<item name="WEA1" rev="50">
<attrib name="value" value="8"/></item>
<item name="WEA2" rev="50">
<attrib name="value" value="8"/></item>
<item name="WEA3" rev="50">
<attrib name="value" value="8"/></item>
<item name="WEB0" rev="50">
<attrib name="value" value="8"/></item>
<item name="WEB1" rev="50">
<attrib name="value" value="8"/></item>
<item name="WEB2" rev="50">
<attrib name="value" value="8"/></item>
<item name="WEB3" rev="50">
<attrib name="value" value="8"/></item>
</group>
<group name="CARRY4">
<item name="CIN" rev="50">
<attrib name="value" value="17"/></item>
<item name="CO2" rev="50">
<attrib name="value" value="4"/></item>
<item name="CO3" rev="50">
<attrib name="value" value="17"/></item>
<item name="CYINIT" rev="50">
<attrib name="value" value="8"/></item>
<item name="DI0" rev="50">
<attrib name="value" value="25"/></item>
<item name="DI1" rev="50">
<attrib name="value" value="22"/></item>
<item name="DI2" rev="50">
<attrib name="value" value="22"/></item>
<item name="DI3" rev="50">
<attrib name="value" value="17"/></item>
<item name="O0" rev="50">
<attrib name="value" value="15"/></item>
<item name="O1" rev="50">
<attrib name="value" value="17"/></item>
<item name="O2" rev="50">
<attrib name="value" value="14"/></item>
<item name="O3" rev="50">
<attrib name="value" value="14"/></item>
<item name="S0" rev="50">
<attrib name="value" value="25"/></item>
<item name="S1" rev="50">
<attrib name="value" value="25"/></item>
<item name="S2" rev="50">
<attrib name="value" value="22"/></item>
<item name="S3" rev="50">
<attrib name="value" value="18"/></item>
</group>
<group name="BUFIO2_BUFIO2">
<item name="DIVCLK" rev="50">
<attrib name="value" value="1"/></item>
<item name="I" rev="50">
<attrib name="value" value="1"/></item>
</group>
<group name="OLOGIC2_OUTFF">
<item name="CK0" rev="19">
<attrib name="value" value="1"/></item>
<item name="D1" rev="19">
<attrib name="value" value="1"/></item>
<item name="Q" rev="19">
<attrib name="value" value="1"/></item>
<item name="SR" rev="19">
<attrib name="value" value="1"/></item>
</group>
<group name="LUT5">
<item name="A1" rev="50">
<attrib name="value" value="3"/></item>
<item name="A2" rev="50">
<attrib name="value" value="3"/></item>
<item name="A3" rev="50">
<attrib name="value" value="22"/></item>
<item name="A4" rev="50">
<attrib name="value" value="19"/></item>
<item name="A5" rev="50">
<attrib name="value" value="12"/></item>
<item name="O5" rev="50">
<attrib name="value" value="113"/></item>
</group>
<group name="LUT6">
<item name="A1" rev="50">
<attrib name="value" value="24"/></item>
<item name="A2" rev="50">
<attrib name="value" value="62"/></item>
<item name="A3" rev="50">
<attrib name="value" value="71"/></item>
<item name="A4" rev="50">
<attrib name="value" value="153"/></item>
<item name="A5" rev="50">
<attrib name="value" value="103"/></item>
<item name="A6" rev="50">
<attrib name="value" value="164"/></item>
<item name="O6" rev="50">
<attrib name="value" value="168"/></item>
</group>
<group name="RAMB16BWER_RAMB16BWER">
<item name="ADDRA0" rev="50">
<attrib name="value" value="8"/></item>
<item name="ADDRA1" rev="50">
<attrib name="value" value="8"/></item>
<item name="ADDRA10" rev="50">
<attrib name="value" value="8"/></item>
<item name="ADDRA11" rev="50">
<attrib name="value" value="8"/></item>
<item name="ADDRA12" rev="50">
<attrib name="value" value="8"/></item>
<item name="ADDRA13" rev="50">
<attrib name="value" value="8"/></item>
<item name="ADDRA2" rev="50">
<attrib name="value" value="8"/></item>
<item name="ADDRA3" rev="50">
<attrib name="value" value="8"/></item>
<item name="ADDRA4" rev="50">
<attrib name="value" value="8"/></item>
<item name="ADDRA5" rev="50">
<attrib name="value" value="8"/></item>
<item name="ADDRA6" rev="50">
<attrib name="value" value="8"/></item>
<item name="ADDRA7" rev="50">
<attrib name="value" value="8"/></item>
<item name="ADDRA8" rev="50">
<attrib name="value" value="8"/></item>
<item name="ADDRA9" rev="50">
<attrib name="value" value="8"/></item>
<item name="ADDRB0" rev="50">
<attrib name="value" value="8"/></item>
<item name="ADDRB1" rev="50">
<attrib name="value" value="8"/></item>
<item name="ADDRB10" rev="50">
<attrib name="value" value="8"/></item>
<item name="ADDRB11" rev="50">
<attrib name="value" value="8"/></item>
<item name="ADDRB12" rev="50">
<attrib name="value" value="8"/></item>
<item name="ADDRB13" rev="50">
<attrib name="value" value="8"/></item>
<item name="ADDRB2" rev="50">
<attrib name="value" value="8"/></item>
<item name="ADDRB3" rev="50">
<attrib name="value" value="8"/></item>
<item name="ADDRB4" rev="50">
<attrib name="value" value="8"/></item>
<item name="ADDRB5" rev="50">
<attrib name="value" value="8"/></item>
<item name="ADDRB6" rev="50">
<attrib name="value" value="8"/></item>
<item name="ADDRB7" rev="50">
<attrib name="value" value="8"/></item>
<item name="ADDRB8" rev="50">
<attrib name="value" value="8"/></item>
<item name="ADDRB9" rev="50">
<attrib name="value" value="8"/></item>
<item name="CLKA" rev="50">
<attrib name="value" value="8"/></item>
<item name="CLKB" rev="50">
<attrib name="value" value="8"/></item>
<item name="DIA0" rev="50">
<attrib name="value" value="8"/></item>
<item name="DIA1" rev="50">
<attrib name="value" value="8"/></item>
<item name="DIA10" rev="50">
<attrib name="value" value="8"/></item>
<item name="DIA11" rev="50">
<attrib name="value" value="8"/></item>
<item name="DIA12" rev="50">
<attrib name="value" value="8"/></item>
<item name="DIA13" rev="50">
<attrib name="value" value="8"/></item>
<item name="DIA14" rev="50">
<attrib name="value" value="8"/></item>
<item name="DIA15" rev="50">
<attrib name="value" value="8"/></item>
<item name="DIA16" rev="50">
<attrib name="value" value="8"/></item>
<item name="DIA17" rev="50">
<attrib name="value" value="8"/></item>
<item name="DIA18" rev="50">
<attrib name="value" value="8"/></item>
<item name="DIA19" rev="50">
<attrib name="value" value="8"/></item>
<item name="DIA2" rev="50">
<attrib name="value" value="8"/></item>
<item name="DIA20" rev="50">
<attrib name="value" value="8"/></item>
<item name="DIA21" rev="50">
<attrib name="value" value="8"/></item>
<item name="DIA22" rev="50">
<attrib name="value" value="8"/></item>
<item name="DIA23" rev="50">
<attrib name="value" value="8"/></item>
<item name="DIA24" rev="50">
<attrib name="value" value="8"/></item>
<item name="DIA25" rev="50">
<attrib name="value" value="8"/></item>
<item name="DIA26" rev="50">
<attrib name="value" value="8"/></item>
<item name="DIA27" rev="50">
<attrib name="value" value="8"/></item>
<item name="DIA28" rev="50">
<attrib name="value" value="8"/></item>
<item name="DIA29" rev="50">
<attrib name="value" value="8"/></item>
<item name="DIA3" rev="50">
<attrib name="value" value="8"/></item>
<item name="DIA30" rev="50">
<attrib name="value" value="8"/></item>
<item name="DIA31" rev="50">
<attrib name="value" value="8"/></item>
<item name="DIA4" rev="50">
<attrib name="value" value="8"/></item>
<item name="DIA5" rev="50">
<attrib name="value" value="8"/></item>
<item name="DIA6" rev="50">
<attrib name="value" value="8"/></item>
<item name="DIA7" rev="50">
<attrib name="value" value="8"/></item>
<item name="DIA8" rev="50">
<attrib name="value" value="8"/></item>
<item name="DIA9" rev="50">
<attrib name="value" value="8"/></item>
<item name="DIB0" rev="50">
<attrib name="value" value="8"/></item>
<item name="DIB1" rev="50">
<attrib name="value" value="8"/></item>
<item name="DIB10" rev="50">
<attrib name="value" value="8"/></item>
<item name="DIB11" rev="50">
<attrib name="value" value="8"/></item>
<item name="DIB12" rev="50">
<attrib name="value" value="8"/></item>
<item name="DIB13" rev="50">
<attrib name="value" value="8"/></item>
<item name="DIB14" rev="50">
<attrib name="value" value="8"/></item>
<item name="DIB15" rev="50">
<attrib name="value" value="8"/></item>
<item name="DIB16" rev="50">
<attrib name="value" value="8"/></item>
<item name="DIB17" rev="50">
<attrib name="value" value="8"/></item>
<item name="DIB18" rev="50">
<attrib name="value" value="8"/></item>
<item name="DIB19" rev="50">
<attrib name="value" value="8"/></item>
<item name="DIB2" rev="50">
<attrib name="value" value="8"/></item>
<item name="DIB20" rev="50">
<attrib name="value" value="8"/></item>
<item name="DIB21" rev="50">
<attrib name="value" value="8"/></item>
<item name="DIB22" rev="50">
<attrib name="value" value="8"/></item>
<item name="DIB23" rev="50">
<attrib name="value" value="8"/></item>
<item name="DIB24" rev="50">
<attrib name="value" value="8"/></item>
<item name="DIB25" rev="50">
<attrib name="value" value="8"/></item>
<item name="DIB26" rev="50">
<attrib name="value" value="8"/></item>
<item name="DIB27" rev="50">
<attrib name="value" value="8"/></item>
<item name="DIB28" rev="50">
<attrib name="value" value="8"/></item>
<item name="DIB29" rev="50">
<attrib name="value" value="8"/></item>
<item name="DIB3" rev="50">
<attrib name="value" value="8"/></item>
<item name="DIB30" rev="50">
<attrib name="value" value="8"/></item>
<item name="DIB31" rev="50">
<attrib name="value" value="8"/></item>
<item name="DIB4" rev="50">
<attrib name="value" value="8"/></item>
<item name="DIB5" rev="50">
<attrib name="value" value="8"/></item>
<item name="DIB6" rev="50">
<attrib name="value" value="8"/></item>
<item name="DIB7" rev="50">
<attrib name="value" value="8"/></item>
<item name="DIB8" rev="50">
<attrib name="value" value="8"/></item>
<item name="DIB9" rev="50">
<attrib name="value" value="8"/></item>
<item name="DIPA0" rev="50">
<attrib name="value" value="8"/></item>
<item name="DIPA1" rev="50">
<attrib name="value" value="8"/></item>
<item name="DIPA2" rev="50">
<attrib name="value" value="8"/></item>
<item name="DIPA3" rev="50">
<attrib name="value" value="8"/></item>
<item name="DIPB0" rev="50">
<attrib name="value" value="8"/></item>
<item name="DIPB1" rev="50">
<attrib name="value" value="8"/></item>
<item name="DIPB2" rev="50">
<attrib name="value" value="8"/></item>
<item name="DIPB3" rev="50">
<attrib name="value" value="8"/></item>
<item name="DOB0" rev="50">
<attrib name="value" value="8"/></item>
<item name="ENA" rev="50">
<attrib name="value" value="8"/></item>
<item name="ENB" rev="50">
<attrib name="value" value="8"/></item>
<item name="REGCEA" rev="50">
<attrib name="value" value="8"/></item>
<item name="REGCEB" rev="50">
<attrib name="value" value="8"/></item>
<item name="RSTA" rev="50">
<attrib name="value" value="8"/></item>
<item name="RSTB" rev="50">
<attrib name="value" value="8"/></item>
<item name="WEA0" rev="50">
<attrib name="value" value="8"/></item>
<item name="WEA1" rev="50">
<attrib name="value" value="8"/></item>
<item name="WEA2" rev="50">
<attrib name="value" value="8"/></item>
<item name="WEA3" rev="50">
<attrib name="value" value="8"/></item>
<item name="WEB0" rev="50">
<attrib name="value" value="8"/></item>
<item name="WEB1" rev="50">
<attrib name="value" value="8"/></item>
<item name="WEB2" rev="50">
<attrib name="value" value="8"/></item>
<item name="WEB3" rev="50">
<attrib name="value" value="8"/></item>
</group>
<group name="SELMUX2_1">
<item name="0" rev="50">
<attrib name="value" value="8"/></item>
<item name="OUT" rev="50">
<attrib name="value" value="8"/></item>
<item name="S0" rev="50">
<attrib name="value" value="8"/></item>
</group>
<group name="INVERTER">
<item name="IN" rev="50">
<attrib name="value" value="2"/></item>
<item name="OUT" rev="50">
<attrib name="value" value="2"/></item>
</group>
<group name="IOB_IMUX">
<item name="I" rev="50">
<attrib name="value" value="10"/></item>
<item name="I_B" rev="50">
<attrib name="value" value="2"/></item>
<item name="OUT" rev="50">
<attrib name="value" value="12"/></item>
</group>
<group name="ILOGIC2">
<item name="CLK0" rev="50">
<attrib name="value" value="8"/></item>
<item name="D" rev="50">
<attrib name="value" value="8"/></item>
<item name="Q4" rev="50">
<attrib name="value" value="8"/></item>
<item name="SR" rev="50">
<attrib name="value" value="8"/></item>
</group>
<group name="IOB">
<item name="DIFFI_IN" rev="50">
<attrib name="value" value="8"/></item>
<item name="I" rev="50">
<attrib name="value" value="12"/></item>
<item name="O" rev="50">
<attrib name="value" value="24"/></item>
<item name="PAD" rev="50">
<attrib name="value" value="44"/></item>
<item name="PADOUT" rev="50">
<attrib name="value" value="8"/></item>
</group>
<group name="DCM_DCM">
<item name="CLK0" rev="50">
<attrib name="value" value="1"/></item>
<item name="CLKDV" rev="50">
<attrib name="value" value="1"/></item>
<item name="CLKFB" rev="50">
<attrib name="value" value="1"/></item>
<item name="CLKIN" rev="50">
<attrib name="value" value="1"/></item>
<item name="PSCLK" rev="50">
<attrib name="value" value="1"/></item>
<item name="PSEN" rev="50">
<attrib name="value" value="1"/></item>
<item name="PSINCDEC" rev="50">
<attrib name="value" value="1"/></item>
<item name="RST" rev="50">
<attrib name="value" value="1"/></item>
</group>
<group name="HARD0">
<item name="0" rev="50">
<attrib name="value" value="12"/></item>
</group>
<group name="HARD1">
<item name="1" rev="50">
<attrib name="value" value="4"/></item>
</group>
<group name="FF_SR">
<item name="CE" rev="50">
<attrib name="value" value="2"/></item>
<item name="CK" rev="50">
<attrib name="value" value="25"/></item>
<item name="D" rev="50">
<attrib name="value" value="25"/></item>
<item name="Q" rev="50">
<attrib name="value" value="25"/></item>
<item name="SR" rev="50">
<attrib name="value" value="25"/></item>
</group>
<group name="BUFG">
<item name="I0" rev="50">
<attrib name="value" value="2"/></item>
<item name="O" rev="50">
<attrib name="value" value="2"/></item>
</group>
<group name="DCM">
<item name="CLK0" rev="50">
<attrib name="value" value="1"/></item>
<item name="CLKDV" rev="50">
<attrib name="value" value="1"/></item>
<item name="CLKFB" rev="50">
<attrib name="value" value="1"/></item>
<item name="CLKIN" rev="50">
<attrib name="value" value="1"/></item>
<item name="PSCLK" rev="50">
<attrib name="value" value="1"/></item>
<item name="PSEN" rev="50">
<attrib name="value" value="1"/></item>
<item name="PSINCDEC" rev="50">
<attrib name="value" value="1"/></item>
<item name="RST" rev="50">
<attrib name="value" value="1"/></item>
</group>
</ReportPinData>
<CmdHistory>
</CmdHistory>
</DeviceUsageSummary>
